,Link,Caption,Comments,Likes,Image Link,Video?,Post Date
0,https://www.instagram.com/p/CQkoodYHjw4/,"BUKAN HANYA WAJAH YANG MENUA, IMUN KITA JUGAKematian Mbah karena COVID-19 mencapai 48 persen, paling tinggi dibanding kelompok umur lain. Vaksin merupakan salah satu upaya melindungi Mbah dari gejala berat dan kematian, Cofighters!Sinovac menekan risiko perawatan dan kematian sampai 98 persen. Astrazeneca efektif 86 persen melawan infeksi setelah 2 dosis vaksin. Jadi, kekebalan setelah vaksin penting untuk Mbah, bukan untuk kita aja.Skuy, bantu ciptakan herd immunity untuk Mbah, kamu, dan Mico #AjakSimbahVaksin #BersatuLawanCOVID19 #CuciTanganPakaiSabun #JagaJarak #PakaiMasker #Cofight",0,1,https://instagram.fcgk29-1.fna.fbcdn.net/v/t51.2885-15/sh0.08/e35/s640x640/207648411_487079152585303_573831379337973196_n.jpg?tp=1&_nc_ht=instagram.fcgk29-1.fna.fbcdn.net&_nc_cat=107&_nc_ohc=GPUXixpMR6IAX9Kw0IL&edm=APU89FABAAAA&ccb=7-4&oh=2b71eceda60f8f65d2c9a02021abc8da&oe=60DE2B37&_nc_sid=86f79a,False,2021 Jun 26 12:55:29
1,https://www.instagram.com/p/CQffBUanJN8/,"MATI SATU TIDAK TUMBUH SERIBU!Cofighters pasti pernah dengar pepatah, ""Mati satu tumbuh seribu."" Satu pengorbanan dipercaya akan menciptakan kebaikan yang lebih banyak. Sayangnya pepatah itu nggak berlaku untuk COVID-19!Satu orang yang meninggal karena COVID-19 berpotensi menularkan orang lain, sehingga angka kematian terus bertambah. Sedihnya ternyata kelompok Simbah termasuk kelompok dengan kematian paling tinggi! Kita harus apa nih untuk melindungi Mbah?#AjakSimbahVaksin #BersatuLawanCOVID19 #PakaiMasker #CuciTanganPakaiSabun #JagaJarak #Cofight",0,30,https://instagram.fcgk29-1.fna.fbcdn.net/v/t51.2885-15/sh0.08/e35/s640x640/206284294_222620599700599_4713330164731871946_n.jpg?tp=1&_nc_ht=instagram.fcgk29-1.fna.fbcdn.net&_nc_cat=107&_nc_ohc=Ikeqt1yHCQAAX80VKPV&edm=APU89FABAAAA&ccb=7-4&oh=94cd2086ce1068e3787bbdf555e42ed7&oe=60DE5BC3&_nc_sid=86f79a,False,2021 Jun 24 12:55:18
2,https://www.instagram.com/p/CQcwooyHJeG/,"BUAT APA MBAH VAKSIN, KAN SUDAH TUA?Justru karena sudah tua, Mbah jadi lebih rentan terhadap infeksi COVID-19. Sistem imun Mbah sudah menurun, jadi kalau terpapar berisiko sakit yang lebih berat dari kamu Cofighters!Selain itu, Mbah yang sudah divaksin bisa ikut melindungi kamu dan keluargamu karena herd immunity membutuhkan paling tidak 80-90% populasi tervaksinasi.Asik banget kan kalau kita bisa saling melindungi?#AjakSimbahVaksin#BersatuLawanCOVID19 #PakaiMasker #CuciTanganPakaiSabun #JagaJarak #Cofight",0,45,https://instagram.fcgk29-1.fna.fbcdn.net/v/t51.2885-15/sh0.08/e35/s640x640/206003993_773825389996196_424420269257218237_n.jpg?tp=1&_nc_ht=instagram.fcgk29-1.fna.fbcdn.net&_nc_cat=108&_nc_ohc=lwOupyUAtdkAX9kj1xE&edm=APU89FABAAAA&ccb=7-4&oh=e6f4a1d3ea921e4d643ab1a34aa17471&oe=60DCDB48&_nc_sid=86f79a,False,2021 Jun 23 11:31:29
3,https://www.instagram.com/p/CQXvEJhnZH6/,"VAKSIN LANSIA BEDA DENGAN VAKSIN LAIN?Vaksinnya sih sama-sama Sinovac dan Astrazeneca ya Cofighters! Tapi sekarang jarak antar dosisnya 28 hari agar sistem imun bekerja lebih baik. Efek sampingnya secara umum sama kok, ringan sampai sedang. Palingan nyeri di tempat suntikan aja. Nyerinya nggak seberapa dibanding manfaatnya kok... Mico serius nih! Menurut penelitian keampuhan (efikasi) vaksin Sinovac mencapai 98% Yang sudah ajak Simbah-simbah vaksin ngacung di kolom komentar!#AjakSimbahVaksin #BersatuLawanCOVID19 #PakaiMasker #CuciTanganPakaiSabun #JagaJarak #Cofight",0,83,https://instagram.fcgk29-1.fna.fbcdn.net/v/t51.2885-15/sh0.08/e35/s640x640/204147086_266733488538057_165475962121017357_n.jpg?tp=1&_nc_ht=instagram.fcgk29-1.fna.fbcdn.net&_nc_cat=109&_nc_ohc=4TXEvZIaxzMAX_-xZTq&edm=APU89FABAAAA&ccb=7-4&oh=8534c9366a5998ec00eb7deadb160113&oe=60DDDEC3&_nc_sid=86f79a,False,2021 Jun 21 12:41:34
4,https://www.instagram.com/p/CQN5zMFHqXb/,"PEMERINTAH KERJANYA NGAPAIN, SIH!Mico setuju, emang paling gampang cari kesalahan pemerintah. Tapi ternyata untuk mendukung Mbah vaksinasi, pemerintah sudah berusaha memetakan lansia, mempermudah akses, melakukan jemput lansia, serta menggencarkan program edukasi.Eits, tenang Mico bukan buzzer pemerintah kok. Mico cuma penyayang Mbah, kayak Cofighters yang lagi baca Kita bisa ngapain lagi ya untuk membantu program vaksin lansia pemerintah?#AjakSimbahVaksin#BersatuLawanCOVID19 #CuciTanganPakaiSabun #JagaJarak #PakaiMasker #Cofight",2,72,https://instagram.fcgk29-1.fna.fbcdn.net/v/t51.2885-15/sh0.08/e35/s640x640/201443004_877350596210164_731008885040823890_n.jpg?tp=1&_nc_ht=instagram.fcgk29-1.fna.fbcdn.net&_nc_cat=104&_nc_ohc=rxqAQcdAKA4AX-wwIiP&edm=APU89FABAAAA&ccb=7-4&oh=83a111392cc3d216abe2ad6e81c7d23e&oe=60DDA508&_nc_sid=86f79a,False,2021 Jun 17 17:02:58
5,https://www.instagram.com/p/CQK9J32nHo-/,"VAKSIN NGGAK SAKIT KOK, KAYAK DIGIGIT SEMUT AJA!Pasti Cofighters pernah denger kalimat dusta itu kan hehehehe. Mico paham kok, vaksinasi tidak sesederhana digigit semut. Apalagi untuk lansia yang sebagian besar sudah punya masalah kesehatan.Beberapa kendala vaksinasi lansia:- Akses ke lokasi vaksinasi sulit. Bisa jadi Mbah nggak ada yang anter.- Informasi belum memadai. Mbah mungkin merasa vaksin tidak penting karena sudah tua- Kurangnya tenaga vaksinasi. Kalau ada banyak mungkin bisa jemput Mbah langsung ke rumah ya...- Enggan divaksin ntah karena termakan hoaks, kepercayan pribadi, atau karena memiliki penyakit tertentuMbah di lingkungan Cofighters memiliki masalah serupa?#AjakSimbahVaksin#BersatuLawanCOVID19 #CuciTanganPakaiSabun #JagaJarak #PakaiMasker #Cofight",0,38,https://instagram.fcgk29-1.fna.fbcdn.net/v/t51.2885-15/sh0.08/e35/s640x640/201296892_1357870667918054_7785914357915828281_n.jpg?tp=1&_nc_ht=instagram.fcgk29-1.fna.fbcdn.net&_nc_cat=102&_nc_ohc=1vDEUDlasGAAX9dIQyE&edm=APU89FABAAAA&ccb=7-4&oh=22b1bb2744fea0bf17ee957848952d33&oe=60DE436D&_nc_sid=86f79a,False,2021 Jun 16 13:34:33
6,https://www.instagram.com/p/CQITjCIHMPP/,"VAKSINASI DI JOGJA BERHADIAH?Atau sistemnya memungkinkan banyak lansia untuk vaksinasi? Soalnya di Jogja cakupan vaksinasi lansia lebih baik 2x lipat daripada total di Indonesia Cofighters! Kira-kira apa ya resep rahasianya Menurutmu, kenapa ya banyak Mbah belum divaksin?#AjakSimbahVaksin#BersatuLawanCOVID19 #CuciTanganPakaiSabun #JagaJarak #PakaiMasker #Cofight",0,63,https://instagram.fcgk29-1.fna.fbcdn.net/v/t51.2885-15/sh0.08/e35/s640x640/201075017_932168713996883_4639315645201916614_n.jpg?tp=1&_nc_ht=instagram.fcgk29-1.fna.fbcdn.net&_nc_cat=111&_nc_ohc=Ql-_hT6zgXMAX-8AesA&edm=APU89FABAAAA&ccb=7-4&oh=b1f9e41eeb528d671f8c29c78cec5e2d&oe=60DD7BE0&_nc_sid=86f79a,False,2021 Jun 15 12:52:30
7,https://www.instagram.com/p/CQFpGivHAJi/,"SIMBAH SUDAH VAKSIN COVID-19 BELUM, YA?Cofighters sudah dengar prioritas vaksin COVID-19 sekarang adalah lansia? Bahkan @kemenkes_ri mengadakan program dampingi lansia di mana 1 orang yang mendampingi 2 lansia vaksinasi berhak untuk divaksin juga.Tapi per 31 Mei 2021, ternyata jumlah lansia yang divaksin masih sangat kurang! Padahal Si Mbah sangat membutuhkan perlindungan dari vaksin Kalau Mbah di rumahmu sudah vaksin?#AjakSimbahVaksin#BersatuLawanCOVID19 #CuciTanganPakaiSabun #JagaJarak #PakaiMasker#Cofight",11,104,https://instagram.fcgk29-1.fna.fbcdn.net/v/t51.2885-15/sh0.08/e35/s640x640/131426918_1012375552644797_4512488366459223728_n.jpg?tp=1&_nc_ht=instagram.fcgk29-1.fna.fbcdn.net&_nc_cat=105&_nc_ohc=MWo2FLlGptQAX-yjGK2&edm=APU89FABAAAA&ccb=7-4&oh=2761d53f6ea8c6f65639ae89c5292e9c&oe=60DE57C0&_nc_sid=86f79a,False,2021 Jun 14 12:03:08
8,https://www.instagram.com/p/COcLZkhHe1U/,"[CLOSED][LET'S BREAK THE CHAIN]Covid-19 ""mengganas"" di India!Baru-baru ini, Dunia dibuat tercengang dengan peningkatan kasus Covid-19 yang drastis di India.Pandemi belum berakhir, jangan biarkan Tsunami Covid-19 melanda negeri kita! Mari kita putus rantai penularan Covid-19!.Cofight mengajak kamu ikut ambil bagian dalam solusi. Kami bekerjasama dengan puskesmas di wilayah DI.Yogyakarta melakukan pemantauan dan konsultasi online bagi pelaku isolasi mandiri via telekomunikasi/daring.""Together, Let's beat Covid-19""CP :Lalita 085743567854",11,147,https://instagram.fcgk29-1.fna.fbcdn.net/v/t51.2885-15/sh0.08/e35/s640x640/182242514_497663664692056_1092065050038611816_n.jpg?tp=1&_nc_ht=instagram.fcgk29-1.fna.fbcdn.net&_nc_cat=104&_nc_ohc=uThlXIbb9gMAX9ceUSb&edm=APU89FABAAAA&ccb=7-4&oh=e32db93513975d969d65c579f35c0c11&oe=60DD0B2A&_nc_sid=86f79a,False,2021 May 04 13:03:20
9,https://www.instagram.com/p/COAch0Wn2TQ/,[Pengumuman Pemenang #PadhaNgelingke TikTok Challenge]Selamat kepada para pemenang! Jangan lupa untuk tetap berani menegur orang lain dalam menerapkan protokol kesehatan yaa fighters!,0,37,https://instagram.fcgk29-1.fna.fbcdn.net/v/t51.2885-15/sh0.08/e35/s640x640/176649928_125680906268570_4174005743848530242_n.jpg?tp=1&_nc_ht=instagram.fcgk29-1.fna.fbcdn.net&_nc_cat=102&_nc_ohc=-q9X8rBh_5cAX_KFXsb&edm=APU89FABAAAA&ccb=7-4&oh=17b1d20a76a369e6fa4acd7cb49b39ba&oe=60DE1CEC&_nc_sid=86f79a,False,2021 Apr 23 18:34:16
10,https://www.instagram.com/p/CN7KrEJH98M/,"[BELANJA MERCH COFIGHT SAMBIL DONASI]Hallo Cofighters! Penyebaran virus corona di Indonesia masih terus meluas. COFIGHT merupakan sebuah organisasi non-profit berbasis relawan yang bergerak untuk merespons pandemi Covid-19. Kami percaya bahwa pandemi ini hanya bisa dikalahkan dengan KOLABORASI seluruh lapisan masyarakat. .Melalui penjualan merchant ini, semua orang dapat membeli produk sambil mendonasikan sebagian hartanya untuk membantu dan bekerjasama dalam mengalahkan persebaran virus corona. Hasil keuntungan SELURUHNYA akan digunakan untuk OPERASIONAL COFIGHT..Untuk pemesanan merch, silahkan hubungi : 08569969378 (Sania).Jadilah pahlawan kebaikan dan bersama melawan pandemi Covid-19!#BersatuLawanCOVID19 #3M3T #Merchandise #Sale",0,40,https://instagram.fcgk29-1.fna.fbcdn.net/v/t51.2885-15/sh0.08/e35/s640x640/176011560_505472197480538_1529573949985506665_n.jpg?tp=1&_nc_ht=instagram.fcgk29-1.fna.fbcdn.net&_nc_cat=102&_nc_ohc=zcqgV82zQOgAX9o25EA&edm=APU89FABAAAA&ccb=7-4&oh=10f44f2bb23ba0233a9ba2855fe3f4eb&oe=60DD62F9&_nc_sid=86f79a,False,2021 Apr 21 17:22:03
11,https://www.instagram.com/p/CNwjrlJnA44/,Peserta No. 1 #PadhaNgelingke TikTok ChallengeUsername TikTok: @yskcangTema 1: Memakai masker dengan benarSuka dengan konten ini? Yuk bantu vote dengan double tap like!,4,164,https://instagram.fcgk29-1.fna.fbcdn.net/v/t51.2885-15/sh0.08/e35/s640x640/175064063_933047110776093_5272964761272817808_n.jpg?tp=1&_nc_ht=instagram.fcgk29-1.fna.fbcdn.net&_nc_cat=109&_nc_ohc=HExvzSLP7FQAX8inUDx&edm=APU89FABAAAA&ccb=7-4&oh=40e1ef18cd280030b32db49486415a16&oe=60D78EF0&_nc_sid=86f79a,True,2021 Apr 17 14:30:56
12,https://www.instagram.com/p/CNwjgfhnNhK/,Peserta No. 2 #PadhaNgelingke TikTok ChallengeUsername TikTok: @kknppmugmkaliangkrikTema 5: Apresiasi dan terima kasihSuka dengan konten ini? Yuk bantu vote dengan double tap like!,0,51,https://instagram.fcgk29-1.fna.fbcdn.net/v/t51.2885-15/sh0.08/e35/s640x640/173538307_284874066520324_6428968038528154986_n.jpg?tp=1&_nc_ht=instagram.fcgk29-1.fna.fbcdn.net&_nc_cat=104&_nc_ohc=jtvMyNpDwY0AX9NxePu&edm=APU89FABAAAA&ccb=7-4&oh=87358c4ec138c3e98780092acac66f43&oe=60D76F7E&_nc_sid=86f79a,True,2021 Apr 17 14:29:23
13,https://www.instagram.com/p/CNwjHsAHyam/,Peserta No. 3 #PadhaNgelingke TikTok ChallengeUsername TikTok: @parahita12Tema 3: jaga jarak dan tidak berkerumunanSuka dengan konten ini? Yuk bantu vote dengan double tap like!,45,389,https://instagram.fcgk29-1.fna.fbcdn.net/v/t51.2885-15/sh0.08/e35/s640x640/173472181_893496118158464_7896174532625321464_n.jpg?tp=1&_nc_ht=instagram.fcgk29-1.fna.fbcdn.net&_nc_cat=108&_nc_ohc=b5eboD-Rb24AX9EyW4b&edm=APU89FABAAAA&ccb=7-4&oh=47029ec14c509df763a352ce1adccb91&oe=60D79A93&_nc_sid=86f79a,True,2021 Apr 17 14:26:25
14,https://www.instagram.com/p/CNwi29an5oj/,Peserta No. 4 #PadhaNgelingke TikTok ChallengeUsername TikTok: @roserossieyTema 2: Cuci tangan 6 langkahSuka dengan konten ini? Yuk bantu vote dengan double tap like!,20,116,https://instagram.fcgk29-1.fna.fbcdn.net/v/t51.2885-15/sh0.08/e35/s640x640/174107729_364612874861624_3451659200699168104_n.jpg?tp=1&_nc_ht=instagram.fcgk29-1.fna.fbcdn.net&_nc_cat=108&_nc_ohc=-hgaYdm_sq8AX_cZLC7&edm=APU89FABAAAA&ccb=7-4&oh=7dfbc9d4a5f665df763caf16898fd1ed&oe=60D76CEC&_nc_sid=86f79a,True,2021 Apr 17 14:23:10
15,https://www.instagram.com/p/CNwijSkHYXz/,Peserta No. 5 #PadhaNgelingke TikTok ChallengeUsername TikTok: @roserossieyTema 1: Memakai masker dengan benarTema 5: Apresiasi dan Terima KasihSuka dengan konten ini? Yuk bantu vote dengan double tap like!,0,27,https://instagram.fcgk29-1.fna.fbcdn.net/v/t51.2885-15/sh0.08/e35/s640x640/173420980_121626030023794_7357559907858529524_n.jpg?tp=1&_nc_ht=instagram.fcgk29-1.fna.fbcdn.net&_nc_cat=110&_nc_ohc=XIQPNAAV5KMAX_BaQwD&edm=APU89FABAAAA&ccb=7-4&oh=9f19c74414e1208d63c40b8437d7058b&oe=60D79771&_nc_sid=86f79a,True,2021 Apr 17 14:22:11
16,https://www.instagram.com/p/CNwiP_LH5PM/,Peserta No. 6 #PadhaNgelingke TikTok ChallengeUsername TikTok: @annes.rinTema 1: Memakai masker dengan benarSuka dengan konten ini? Yuk bantu vote dengan double tap like!,0,34,https://instagram.fcgk29-1.fna.fbcdn.net/v/t51.2885-15/sh0.08/e35/s640x640/173130570_476470047127259_8599037368438951426_n.jpg?tp=1&_nc_ht=instagram.fcgk29-1.fna.fbcdn.net&_nc_cat=111&_nc_ohc=A-dbMtHjyBsAX-qU8sM&edm=APU89FABAAAA&ccb=7-4&oh=8e38132167ae8c649bde520990e9ffbd&oe=60D772F4&_nc_sid=86f79a,True,2021 Apr 17 14:21:10
17,https://www.instagram.com/p/CNwikBDHMs6/,Peserta No. 7 #PadhaNgelingke TikTok ChallengeUsername TikTok: @kknppmugmkaliangkrikTema 3: Jaga jarak dan tidak berkerumunanSuka dengan konten ini? Yuk bantu vote dengan double tap like!,0,60,https://instagram.fcgk29-1.fna.fbcdn.net/v/t51.2885-15/sh0.08/e35/s640x640/173663463_718037815559556_4232774396140449256_n.jpg?tp=1&_nc_ht=instagram.fcgk29-1.fna.fbcdn.net&_nc_cat=100&_nc_ohc=cebk0inFWqwAX_eFgN3&edm=APU89FABAAAA&ccb=7-4&oh=97e8cb395b87657b96fe9f1395e8e92f&oe=60D7A210&_nc_sid=86f79a,False,2021 Apr 17 14:19:09
18,https://www.instagram.com/p/CNwh-OYHfp5/,Peserta No. 8 #PadhaNgelingke TikTok ChallengeUsername TikTok: @rist906Tema 4: Vaksinasi Covid-19Suka dengan konten ini? Yuk bantu vote dengan double tap like!,0,39,https://instagram.fcgk29-1.fna.fbcdn.net/v/t51.2885-15/sh0.08/e35/s640x640/173852744_468753377575091_5474452718509324434_n.jpg?tp=1&_nc_ht=instagram.fcgk29-1.fna.fbcdn.net&_nc_cat=111&_nc_ohc=bOtG_e3_UkIAX8yK-O_&edm=APU89FABAAAA&ccb=7-4&oh=c8d13c95afec3428a2af103c505e41c6&oe=60D76E0E&_nc_sid=86f79a,True,2021 Apr 17 14:15:02
19,https://www.instagram.com/p/CNwhrrZHOhf/,Peserta No. 9 #PadhaNgelingke TikTok ChallengeUsername TikTok: @bunda.mihranTema 1: Memakai masker dengan benarSuka dengan konten ini? Yuk bantu vote dengan double tap like!,0,20,https://instagram.fcgk29-1.fna.fbcdn.net/v/t51.2885-15/sh0.08/e35/s640x640/174222654_222023249717016_2237750527603434689_n.jpg?tp=1&_nc_ht=instagram.fcgk29-1.fna.fbcdn.net&_nc_cat=100&_nc_ohc=CZVQ7sp2cM4AX9tHT3d&edm=APU89FABAAAA&ccb=7-4&oh=d60d577a71692572565e2a29865a0ef5&oe=60D773A4&_nc_sid=86f79a,True,2021 Apr 17 14:12:42
20,https://www.instagram.com/p/CNwhDqjnrbs/,[Nominasi Juara Favorit Padha Ngelingke TikTok Challenge]Yuk bantu voting dengan tap like pada postingan TikTok favorit kamu! Peserta dengan jumlah like terbanyak akan memenangkan juara Favorit Padha Ngelingke TikTok Challenge. Voting akan ditutup pada tanggal 21 April 2021 yaa!#padhangelingke,0,26,https://instagram.fcgk29-1.fna.fbcdn.net/v/t51.2885-15/sh0.08/e35/s640x640/174131138_1562286843980432_6543449271140718845_n.jpg?tp=1&_nc_ht=instagram.fcgk29-1.fna.fbcdn.net&_nc_cat=108&_nc_ohc=GehcL58MG9wAX-ZX5rn&edm=APU89FABAAAA&ccb=7-4&oh=2b0d460ae41ca707d56e749deff98ba5&oe=60DCC016&_nc_sid=86f79a,False,2021 Apr 17 14:06:00
21,https://www.instagram.com/p/CNkAgajH3bp/,"[HIGHLIGHT OF THE WEEK]Siapa nih yang ketinggalan IG Live kita yang bahas mutasi virus corona bareng @dr.fajriaddai ??.Mico uda buatin rangkuman nih buat kalian, mulai dari konsep mutasi hingga pengaruh mutasi terhadap vaksin. Yang mau nonton ulang juga bisa loh di IGTV Cofight. Semoga bermanfaat dan jangan lupa tetap patuhi protokol kesehatan ya!#BersatuLawanCOVID19 #3M3T #mutasicovid19",0,42,https://instagram.fcgk29-1.fna.fbcdn.net/v/t51.2885-15/sh0.08/e35/s640x640/171652634_1823598971139183_7938679884645474913_n.jpg?tp=1&_nc_ht=instagram.fcgk29-1.fna.fbcdn.net&_nc_cat=103&_nc_ohc=1XbtJRJBsLIAX-MP6mP&edm=APU89FABAAAA&ccb=7-4&oh=d350cb868c96e9eb0828921d265f1f37&oe=60DD1A59&_nc_sid=86f79a,False,2021 Apr 12 17:30:41
22,https://www.instagram.com/p/CNUvVEzneZb/,"Walau kelihatannya semua orang mulai jenuh dan tidak lagi mementingkan protokol kesehatan, Mico masih semangat mengingatkan semuanya agar tetap berani menegur orang lain yang tidak memakai masker, berkerumun, tidak mencuci tangan, enggan divaksin dan diperiksa, tidak isolasi mandiri, dan sebagainya!Harapannya, budaya saling tegur tersebut dapat melindungi kita semua dari pandemi COVID-19. Pak Ganjar dan yang lainnya sudah menerapkan #PadhaNgelingke, kalau Fighters gimana? Special thanks to:@isyanasarasvati@makotalkid dr. @ningzsppd Sp.PDdr. @dokterdecsa Sp.PD@dinkesjateng_prov dr. @aisykaspol @gpsteps @kitabisacom @welasasihid @manusiabiasaorg @ganjar_pranowo",1,728,https://instagram.fcgk29-1.fna.fbcdn.net/v/t51.2885-15/e35/c157.0.405.405a/169790815_1703284243207450_8067220406200053940_n.jpg?tp=1&_nc_ht=instagram.fcgk29-1.fna.fbcdn.net&_nc_cat=110&_nc_ohc=ko37s5_2iU8AX9sK86-&edm=APU89FABAAAA&ccb=7-4&oh=46635c3228ac8f0d90bae7fd5d8544a4&oe=60D76AB2&_nc_sid=86f79a,True,2021 Apr 06 19:13:47
23,https://www.instagram.com/p/CNSQSLCnqAi/,Pembahasan bersama ttg Mutasi COVID-19 dan bahayanya,1,49,https://instagram.fcgk29-1.fna.fbcdn.net/v/t51.2885-15/e35/c0.126.504.504a/168115029_438250927246144_922878536410512563_n.jpg?tp=1&_nc_ht=instagram.fcgk29-1.fna.fbcdn.net&_nc_cat=104&_nc_ohc=new5rB4_EuIAX-WZcer&edm=APU89FABAAAA&ccb=7-4&oh=5cf870c932fccc40f77e8e8a3b910c07&oe=60D794AB&_nc_sid=86f79a,True,2021 Apr 05 20:02:34
24,https://www.instagram.com/p/CNRvnUCnP5v/,"[We Hear You]Mari berikan pendapatmu melalui giveaway video PONI (Pojok Beropini) dengan syarat dan ketentuan : 1. Peserta menggunakan akun instagram pribadi dan tidak diprivate 2. Peserta mengikuti giveaway PONI dengan cara merepost video di instagram story dan menyertakan opini/komentar terkait dengan situasi dan kondisi yang ada dalam video tersebut.3. Peserta harus mengunggah Instagram story tersebut selama 1x24 jam, dan tag akun Instagram @inahealth, @cofight_id dan 3 teman.Dapatkan voucher belanja senilai Rp200.000 untuk masing-masing 3 orang terpilih. Mari berikan suaramu karena setiap suaramu berarti bagi Indonesia#coronavirus #covid19 #pandemicovid19 #vaksin #vaccine #coronavirus #covid19 #vaksincovid19 #giveaway #giveaway #giveawayindo #giveawaytime #giveawaindonesia #kuisberhadiah #giveawaycontest #kuisberhadiah #kuisgratis #freegiveaways #bagiuang #bagibagihadiah",2,27,https://instagram.fcgk29-1.fna.fbcdn.net/v/t51.2885-15/e35/c157.0.406.406a/168512926_513148123384260_3667459182195939655_n.jpg?tp=1&_nc_ht=instagram.fcgk29-1.fna.fbcdn.net&_nc_cat=100&_nc_ohc=b3hoVYIFG2YAX_Be0p3&edm=APU89FABAAAA&ccb=7-4&oh=18c72c414a9d51a4ec55fe8fadb5bb25&oe=60D78341&_nc_sid=86f79a,True,2021 Apr 05 15:20:37
25,https://www.instagram.com/p/CNRRqh6nGkG/,"[MUTASI VIRUS CORONA, APA BAHAYANYA?]Denger-denger ada mutasi virus corona baru yang masuk ke beberapa negara nih Apakah gejalanya berbeda? Bagaimana dampaknya ke tes-tes diagnostik dan vaksin yang sudah ada ya?.YUK diskusi seru bersama ahlinya @dr.fajriaddai dan moderator kita @nadefanie di COFIGHT Break #7 nanti malam pk 19.00-20.00.Jangan sampai ketinggalan yaa! Mico tunggu #mutasicovid19 #mutasicorona #BersatuLawanCOVID19 #3M3T",0,35,https://instagram.fcgk29-1.fna.fbcdn.net/v/t51.2885-15/sh0.08/e35/s640x640/169495191_648519292622192_5464339894792657426_n.jpg?tp=1&_nc_ht=instagram.fcgk29-1.fna.fbcdn.net&_nc_cat=108&_nc_ohc=w55phdsMgsIAX8R4N7F&edm=APU89FABAAAA&ccb=7-4&oh=67b68ddc2b48a5147a412e5dc5a07495&oe=60DE2F3F&_nc_sid=86f79a,False,2021 Apr 05 10:55:02
26,https://www.instagram.com/p/CNPPbj1H8nG/,[HIGHLIGHT OF THE WEEK]Siapa yang masih ingat dengan mutasi D614G yang menghebohkam tahun lalu? Karena dikatakan lebih mudah menular. Bener gak sih mutasi yang sudah ditemukan menyebkan penularan lebih mudah terjadi?.Lalu dalam 1 tahun apa aja jenis mutasi yang sudah ditemukan dan pengaruhnya? Simak postingan mico berikut.#BersatuLawanCovid19 #3M3T #mutasicovid19,0,70,https://instagram.fcgk29-1.fna.fbcdn.net/v/t51.2885-15/sh0.08/e35/s640x640/169495191_476979056877771_2819446716479220837_n.jpg?tp=1&_nc_ht=instagram.fcgk29-1.fna.fbcdn.net&_nc_cat=103&_nc_ohc=8wdVBGgZYqMAX-Evz7k&edm=APU89FABAAAA&ccb=7-4&oh=b6f93fb38ef8a702b9bbbc23982dc678&oe=60DD1BDD&_nc_sid=86f79a,False,2021 Apr 04 15:57:02
27,https://www.instagram.com/p/CNPEd20ncpx/,"Halo Fighters! Buat yg kemaren belom sempet ikutan lomba tiktok challenge, ada kabar baik niih karena lombanya diperpanjang hingga tanggal 11 April 2021! Yuk segera upload video mu sekarang, jangan lupa untuk ajak teman temannya yang lain yaa!#padhangelingke #tiktok #tiktokindonesia #covid_19",1,23,https://instagram.fcgk29-1.fna.fbcdn.net/v/t51.2885-15/sh0.08/e35/s640x640/167811767_494068985106221_3312180584667367541_n.jpg?tp=1&_nc_ht=instagram.fcgk29-1.fna.fbcdn.net&_nc_cat=105&_nc_ohc=hoLUJfor4P8AX_JSc_G&edm=APU89FABAAAA&ccb=7-4&oh=786a3045cef86503138d8b988c10692f&oe=60DDA185&_nc_sid=86f79a,False,2021 Apr 04 14:21:14
28,https://www.instagram.com/p/CNM9u7UHHst/,[HIGHLIGHT OF THE WEEK]Proses vaksinasi saat ini masih terus berjalan. Kira kira mutasi berpengaruh gak yah terhadap jenis jenis vaksin yang sudah diproduksi? Apakah bakal jadi gak efektif? Ayo simak sama sama di postingan mico ini.#BersatuLawanCovid19 #3M3T #vaccine,0,60,https://instagram.fcgk29-1.fna.fbcdn.net/v/t51.2885-15/sh0.08/e35/s640x640/167370663_170392371599932_363255430191611566_n.jpg?tp=1&_nc_ht=instagram.fcgk29-1.fna.fbcdn.net&_nc_cat=104&_nc_ohc=e-cYiDfnqDwAX_iYU9n&edm=APU89FABAAAA&ccb=7-4&oh=38c6cab8bb8785d7c32480cce3cdd93b&oe=60DE6B66&_nc_sid=86f79a,False,2021 Apr 03 18:43:55
29,https://www.instagram.com/p/CNKXHoqHCSK/,[HIGHLIGHT OF THE WEEK]Kemarin Mico sudah bahas sedikit tentang penyebab dan efek dari mutasi virus corona. Karena kemarin mutasi dapat merubah struktur kira kira gimana nih efeknya terhadap 3 modalitas pemeriksaan yang selama ini rutin dilakukan?.Kira kira ada efeknya gak yah mutasi terhadap hasil pemeriksaan lab? Apa bisa jadi gk kedeteksi? Simak dipostingan ini yaa.#BersatuLawanCovid19 #3M3T #mutasicovid19 #covid19indonesia,0,35,https://instagram.fcgk29-1.fna.fbcdn.net/v/t51.2885-15/sh0.08/e35/s640x640/167107665_1432298533784892_3148891983962670139_n.jpg?tp=1&_nc_ht=instagram.fcgk29-1.fna.fbcdn.net&_nc_cat=100&_nc_ohc=Bu3CxNpoUtMAX80GCSd&edm=APU89FABAAAA&ccb=7-4&oh=ec21dda3529a677ed79691d20859461e&oe=60DE0DB9&_nc_sid=86f79a,False,2021 Apr 02 18:28:01
30,https://www.instagram.com/p/CNFLaPMng6N/,"[HIGHLIGHT OF THE WEEK]Siapaa nih yang masih bertanya tanya kayak mico, kenapa sih mutasi virus corona jadi makin banyak? Dalam setahun ini aja sudah ada beberapa varian baru yang ditemukaan :( lalu apakah mutasi dari virus corona ini bisa dicegah?? Simak postingan mico biar kita belajar sama sama #BersatuLawanCovid19 #3M3T",1,76,https://instagram.fcgk29-1.fna.fbcdn.net/v/t51.2885-15/sh0.08/e35/s640x640/166660543_458855345233394_4709786243717541456_n.jpg?tp=1&_nc_ht=instagram.fcgk29-1.fna.fbcdn.net&_nc_cat=102&_nc_ohc=m4oMV0uUndkAX99LJMr&edm=APU89FABAAAA&ccb=7-4&oh=05776ba287fef7bd647c663b4a284ebf&oe=60DE9BEF&_nc_sid=86f79a,False,2021 Mar 31 18:09:30
31,https://www.instagram.com/p/CNCryDNHpdo/,[HIGLIGHT OF THE WEEK]Minggu ini Mico bakal bahas seputar mutasi mutasian pada COVID-19 nih..Sudah pada dengat belum kalau mutasi virus corona sudah sampai di Indonesia? Nah berita terbaru menunjukan terdapat 6 kasus infeksi virus corona B.1.1.7 per tanggal 09 Maret 2021.Sebenarnya apakah mutasi itu? Mengapa virus bisa bermutasi?.Yuk cek feed berikut supaya tidak salah paham dengan proses mutasi virus corona!#BersatuLawanCOVID19 #3M3T,0,67,https://instagram.fcgk29-1.fna.fbcdn.net/v/t51.2885-15/sh0.08/e35/s640x640/166320084_951824038890361_7262994226737486156_n.jpg?tp=1&_nc_ht=instagram.fcgk29-1.fna.fbcdn.net&_nc_cat=101&_nc_ohc=KeZT-uHcEGQAX-7S_JM&edm=APU89FABAAAA&ccb=7-4&oh=89b11a7b34d4cfc7d5ebec5d6c723ee9&oe=60DD18D9&_nc_sid=86f79a,False,2021 Mar 30 18:54:39
32,https://www.instagram.com/p/CNCVu_dnzf8/,"[COFIGHTurns1 Credit] Begitu banyak pihak yang telah ikut serta dalam perjalanan COFIGHT sejak awal sampai saat ini. Tentunya tidak ada kata yang cukup untuk menggambarkan rasa terima kasih kami.Video ini kami persembahkan untuk semua orang baik yang sudah berjuangan bersama sejak awal sampai saat ini. Semoga semua kebaikan ini bisa terus terlaksana untuk siapapun dan di manapun. Tanpa kalian, COFIGHT tidak akan berada di titik ini.Akhir kata dalam rangkaian COFIGHTurns1 ini, kami ucapkan,Terima kasih, Orang Baik #COFIGHTurns1 #SetahunBerkolaborasi",2,79,https://instagram.fcgk29-1.fna.fbcdn.net/v/t51.2885-15/e35/c157.0.406.406a/165940426_905140443596383_3176020632282389359_n.jpg?tp=1&_nc_ht=instagram.fcgk29-1.fna.fbcdn.net&_nc_cat=107&_nc_ohc=1zTKHGEFxqYAX8ybouw&edm=APU89FABAAAA&ccb=7-4&oh=6ef3077dab0c028c31cc97ed775d515a&oe=60D76C8A&_nc_sid=86f79a,False,2021 Mar 30 15:41:59
33,https://www.instagram.com/p/CM1cTVDne6P/,"[COFIGHTurns1 Program Review #4 Part2]Selanjutnya Mico mau review tentang Program Pemantauan COVID-19 dari Tim Pemantauan nih..Program Pemantauan COVID-19 merupakan cikal bakal terbentuknya COFIGHT, sekaligus merupakan program kerja pertama COFIGHT..Selama kurang lebih 1 tahun ini, relawan pemantauan COFIGT sudah memantau sekitar 1.900 individu, baik pelaku pelaku perjalanan, pasien suspek, probable, atau konfirmasi COVID-19 yg melakukan isolasi mandiri secara daring..Program Pemantauan COVID-19 pertama kali dilakukan bekerja sama dengan Puskesmas Bambanglipuro, Bantul, DIY. Saat ini, COFIGHT sudah bekerja sama dengan 14 puskesmas di 4 kabupaten (Bantul, Sleman, Kulon Progo, Pacitan) lho..Waah luar biasa ya pencapaiannya. Semangat terus untuk teman-teman Cofighters! Jangan lupa 3M nya ya teman-teman.#COFIGHTurns1 #SetahunBerkolaborasi #BersatuLawanCOVID19 #PemantauanCOVID19 #3M3T #IsolasiMandiri",0,42,https://instagram.fcgk29-1.fna.fbcdn.net/v/t51.2885-15/sh0.08/e35/s640x640/164055244_141017851195002_6571963737723402109_n.jpg?tp=1&_nc_ht=instagram.fcgk29-1.fna.fbcdn.net&_nc_cat=106&_nc_ohc=23KyyZzGKPUAX9BvCxE&edm=APU89FABAAAA&ccb=7-4&oh=966efabc94ae285a419f271401503bf1&oe=60DDA7F1&_nc_sid=86f79a,False,2021 Mar 25 15:29:15
34,https://www.instagram.com/p/CM1aVFpnMn0/,"[COFIGHTurns1 Program Review #4 Part1]Hari ini Mico akan mereview program dari tim-tim di bawah Wakil Internal, yaitu Tim HRD dan Tim Pemantauan.Kita bahas program Level Up! dari tim HRD dulu yaa!.Level Up! merupakan program capacity building sebagai salah satu bentuk apresiasi kepada relawan (Cofighters) dan pengurus COFIGHT. Program ini dibuat untuk mengembangkan softskill Cofighters dan pengurus COFIGHT dalam bentuk seminar/talkshow daring, dengan tema-tema menarik sesuai kebutuhan relawan dan pembicara yang keren-keren..Mico kasih bocoran ya, di Level Up! ada kuota seat untuk umum lho guys! Yuk ikutan mengembangkan softskillmu bersama COFIGHT di Level Up! berikutnya.#COFIGHTurns1 #SetahunBerkolaborasi #VolunteersCapacityBuilding #HRD #3M3T",0,32,https://instagram.fcgk29-1.fna.fbcdn.net/v/t51.2885-15/sh0.08/e35/s640x640/163643430_826784937917866_4397370661783958119_n.jpg?tp=1&_nc_ht=instagram.fcgk29-1.fna.fbcdn.net&_nc_cat=110&_nc_ohc=s0fWh3CfqasAX-0nwUU&edm=APU89FABAAAA&ccb=7-4&oh=43381c02cba88fefdf038c419d6430dc&oe=60DDE21C&_nc_sid=86f79a,False,2021 Mar 25 15:12:01
35,https://www.instagram.com/p/CMzNJ1FH5zj/,"[COFIGHTurns1 Program Review #3 Part2]Masih dengan Program Kerja Kreatif, sekarang Mico bakal bahas tentang Highlight of the Week (HOTW) dan Campaign..Highlight of the Week merupakan program edukasi untuk merespon masalah masalah selama pandemi secara Ilmiah. Hinggat saat ini sudah diadakan sebanyak 2 kali, yaitu mengenai PTM dan Vaksin..Campaign adalah program yang diadakan Cofight untuk mengatasi masalah selama Pandemi, yaitu mengenai pendidikan. Campaign diadakan pada Bulan Juli - Agustus 2020 dengan judul Anak Sehat Merdeka Belajar. Siapa nih yang kemarin ikut berpartisipasi di campaign?? #COFIGHTurns1 #BersatuLawanCOVID19 #Highlightoftheweek #Campaign #3M3T",0,30,https://instagram.fcgk29-1.fna.fbcdn.net/v/t51.2885-15/sh0.08/e35/s640x640/163493562_740227066663692_6513683673881515166_n.jpg?tp=1&_nc_ht=instagram.fcgk29-1.fna.fbcdn.net&_nc_cat=100&_nc_ohc=k2oN87qgpWAAX9R6F9h&edm=APU89FABAAAA&ccb=7-4&oh=22051af1838d7c9676d06cc4ebbcda75&oe=60DE8201&_nc_sid=86f79a,False,2021 Mar 24 18:38:24
36,https://www.instagram.com/p/CMzL4FxnOYS/,"[COFIGHTurns1 Program Review #3 Part1]Hari ini Mico bakal ngereview salah satu program favorit teman teman, yaitu Cofight Break dari Tim Media dan Webinar dari Tim Kreatif..Cofight Break merupakan program edukasi yang dibuka untuk awam, mengangkat berbagai masalah yabg dihadapi selama pandemi. Webinar merupakan salah satu sarana update ilmu bagi Cofighters dan Nakes secara umum. Hingga saat ini Cofight Break sudah diadakan 6 kali dan Webinar 5 kali..Kalau Mico paling senang Cofight Break tentang hearing dan Webinar tentang vaksin. Kalau kalian gimana??#COFIGHTurns1 #BersatuLawanCOVID19 #Webinar #COFIGHTBreak #3M3T",0,29,https://instagram.fcgk29-1.fna.fbcdn.net/v/t51.2885-15/sh0.08/e35/s640x640/163307717_196698161880849_699577304714360844_n.jpg?tp=1&_nc_ht=instagram.fcgk29-1.fna.fbcdn.net&_nc_cat=109&_nc_ohc=muXtTsIRzAAAX_b5d_U&edm=APU89FABAAAA&ccb=7-4&oh=76f89bac6f1039dc7fe5a22931236976&oe=60DD9B6D&_nc_sid=86f79a,False,2021 Mar 24 18:27:15
37,https://www.instagram.com/p/CMwHgimnlpi/,"[COFIGHTurns1 Program Review #2]Review hari ini Mico bakal bahas tentang proker nya Tim Aksos yang juga sedang berjalan, yaitu COFINFO dan Konco Isoman. Siapa nih yang sudah subscribe atau join di grup nya?.COFINFO dilaksanakan dalam bentuk broadcast melalui WhatsApp, sementara Konco Isoman dilaksanakan dalam bentuk grup Facebook yang diisi oleh dokter, dokter muda, dan mahasiswa kedokteran tahun akhir serta masyarakat yang sedang melakukan isolasi mandiri..Kedua program ini telah dilaksanakan dan melibatkan lebih dari 1500 orang yang terdiri dari masyarakat dan relawan yang turut beraksi sosial dalam COFIGHT. .Ikuti terus sepak terjang COFIGHT selama setahun ini dalam acara ulang tahun COFIGHT dan jangan lupa untuk ikut berbuat baik, teman-teman #COFIGHTurns1 #SetahunBerkolaborasi #BersatuLawamCOVID19 #3M3T",0,36,https://instagram.fcgk29-1.fna.fbcdn.net/v/t51.2885-15/sh0.08/e35/s640x640/163565977_2730143917251193_2471807758416473075_n.jpg?tp=1&_nc_ht=instagram.fcgk29-1.fna.fbcdn.net&_nc_cat=101&_nc_ohc=XAcd3K5r3nUAX8fs39w&edm=APU89FABAAAA&ccb=7-4&oh=4a26d6a1223c529d43787d65a9109268&oe=60DD0E87&_nc_sid=86f79a,False,2021 Mar 23 13:51:21
38,https://www.instagram.com/p/CMt70pYnDWW/,[COFIGHTurns1 Program Review #1] Gak kerasa dah mau setaun nih usia COFIGHT. Sudah banyak program yang COFIGHT lakukan dalam setahun ini. Ayoo bareng Mico kembali ngereview program-program apa yang sudah COFIGHT jalankan. Kita mulai dari program yang sedang berjalan dulu..Padha Ngelingke merupakan gerakan yang mengajak seluruh lapisan masyarakat untuk saling mengingatkan sesama dalam menerapkan protokol kesehatan yang benar di tengah pandemi COVID-19. Program diinisiasi oleh Wakil Ketua Eksterna dengan Pemerintah Jawa Tengah untuk menjawab kebutuhan terkait permasalahan COVID19 di wilayah Jawa Tengah. .Saat ini program Padha Ngelingke berkolaborasi dengan KitaBisa.com melalui salingjaga.com yang membantu para anggotanya untuk berjaga-jaga terutama dalam persiapan dari sisi ekonomi dengan cara patungan kesehatan sekaligus berdonasi.Tetap stay tune dan ayo ikuti review program berikutnya bersama Mico #COFIGHTurns1 #SetahunBerkolaborasi #BersatuLawanCOVID19 #PadhaNgelingke #3M3T,0,49,https://instagram.fcgk29-1.fna.fbcdn.net/v/t51.2885-15/sh0.08/e35/s640x640/163729253_848908355706277_3899781914738015923_n.jpg?tp=1&_nc_ht=instagram.fcgk29-1.fna.fbcdn.net&_nc_cat=101&_nc_ohc=FmsJ_VUp9KEAX8mTHdq&edm=APU89FABAAAA&ccb=7-4&oh=b7650cca2baf127aac62d003d586088f&oe=60DD3FF0&_nc_sid=86f79a,False,2021 Mar 22 17:30:46
39,https://www.instagram.com/p/CMrh0Ejn9vD/,"Menuju D-DAY COFIGHTurns1 Gak kerasa perjalanan Cofight sudah hampir 1 tahun!! Seluruh Cofighter dan relawan sudah berjuang bersama untuk saling membantu melawan pandemi ini. Mico terharu Untuk kembali mengingatkan bagaimana perjuangan kita selama ini dan mensyukuri yang sudah terjadi, YUK kita kumpul lagi walau online. Ada banyak hal spesial yang menanti loh Jangan lewatkan yaaaD-DAY COFIGHTurns1 Hari: Kamis, 25 Maret 2021Jam: 19.30-selesaiDressCode: MerahDiisi disini yaa utk RSVPnya bit.ly/D-DayCofght1Mico tunggu kehadiran semua Cofighter dan relawan #COFIGHTurns1 #SetahunBerkolaborasi #BersatuLawanCOVID19 #3M3T",0,44,https://instagram.fcgk29-1.fna.fbcdn.net/v/t51.2885-15/sh0.08/e35/s640x640/162544769_3900639436716727_2383951689817815920_n.jpg?tp=1&_nc_ht=instagram.fcgk29-1.fna.fbcdn.net&_nc_cat=107&_nc_ohc=hQRdGvL6a4cAX9eSNfv&edm=APU89FABAAAA&ccb=7-4&oh=767d3bd9d8326f71984147701049143b&oe=60DDFD40&_nc_sid=86f79a,False,2021 Mar 21 19:05:01
40,https://www.instagram.com/p/CMq7lDGHzP8/,"[PIYE KABARE PADHA NGELINGKE?]Tidak terasa kita sudah hampir sampai penghujung program nih! Kali ini yuk kita menyimak cerita dari teman-teman relawan di Kabupaten Semarang, Magelang, dan Surakarta! Selain edukasi 3M & 3T yang tentunya selalu dilakukan, para relawan juga melakukan edukasi mengenai vaksin dan juga ikut membantu pelaksanaan vaksin lansia. Ayo #PadhaNgelingke ! Jangan lupa juga beli merchandise kami yang 100% keuntungannya akan diberikan pada para relawan, ya! @ganjar_pranowo @promkesdinkesjateng @dinkesjateng_prov-------------------------------------------@dkk_kabsmg @dkkmagelang @promotorkabsmg @puskesmasbanyuanyar_ska @puskesmasgambirsari @puskesmas_susukan.1 @susukanpuskesmas @pkmsusukan @puskesmas_mungkid @pkmkotamungkid @puskesmas_magelangutara",0,47,https://instagram.fcgk29-1.fna.fbcdn.net/v/t51.2885-15/sh0.08/e35/s640x640/163193026_2808220595969289_8449866348138309064_n.jpg?tp=1&_nc_ht=instagram.fcgk29-1.fna.fbcdn.net&_nc_cat=109&_nc_ohc=Vy0owExLZzYAX_NGQQO&edm=APU89FABAAAA&ccb=7-4&oh=a24aeb3b6e79c0188f3d660c5f2f49fe&oe=60DE4034&_nc_sid=86f79a,False,2021 Mar 21 13:30:55
41,https://www.instagram.com/p/CMmZOWtn4N2/,"Tanggal 25 Maret ini COFIGHT akan mencapai usia satu tahun dalam berkolaborasi dan berjuang untuk merespon pandemi COVID-19.Mari ramaikan COFIGHTurns1 di intastory dengan mengikuti 5 DAYS Challenge pada 20-24 Maret 2021!Mau ikut semua challenge? BOLEH!Mau ikut satu challenge aja? BOLEH JUGA!Pantau terus instastory COFIGHT untuk tau challengenyaa~Ada doorprize dan grandprize senilai Rp400.000,00 menunggumuu!Setiap hari memasak bihunBihun dimakan bersama bakwanWaa bentar lagi COFIGHT ulang tahunMenangkan Challenge COFIGHTurns1 #COFIGHTurns1 #SetahunBerkolaborasi",0,46,https://instagram.fcgk29-1.fna.fbcdn.net/v/t51.2885-15/sh0.08/e35/s640x640/161700659_747813695867596_3247804352337266203_n.jpg?tp=1&_nc_ht=instagram.fcgk29-1.fna.fbcdn.net&_nc_cat=104&_nc_ohc=sEZgeSuiTQsAX8dabSc&edm=APU89FABAAAA&ccb=7-4&oh=08f32f69601ce9cdbab62e0740be7c7f&oe=60DDFCC9&_nc_sid=86f79a,False,2021 Mar 19 19:13:45
42,https://www.instagram.com/p/CMju8-wHCTT/,"[PIYE KABARE PADHA NGELINGKE?]Hai teman-teman! Semoga semua dalam keadaan sehat dan bahagia, ya. Adakah yang sudah berkesempatan dapat vaksin? Teman-teman relawan Padha Ngelingke juga ikut membantu program vaksinasi, lho! Yuk simak cerita lengkap dari Temanggung, Tegal dan Sukoharjo! Nantikan cerita relawan berikutnya ya! Ayo #PadhaNgelingke ! Jangan lupa juga beli merchandise kami yang 100% keuntungannya akan diberikan pada para relawan, ya! @ganjar_pranowo @promkesdinkesjateng @dinkesjateng_prov-------------------------------------------@dinkestemanggung @dinkes_kab_sukoharjo @dinkes.kab.tegal @promkesdinkeskabtegal @puskesmas_grogol @puskesmas_bejen",0,32,https://instagram.fcgk29-1.fna.fbcdn.net/v/t51.2885-15/sh0.08/e35/s640x640/161316489_886268635439584_2801917812938692157_n.jpg?tp=1&_nc_ht=instagram.fcgk29-1.fna.fbcdn.net&_nc_cat=104&_nc_ohc=b-GyBScg3HIAX8HOoY0&edm=APU89FABAAAA&ccb=7-4&oh=20724daed8efb6b861b5b241b3b8ce93&oe=60DCDBA0&_nc_sid=86f79a,False,2021 Mar 18 18:25:54
43,https://www.instagram.com/p/CMjbMzNnuZF/,"[PIYE KABARE PADHA NGELINGKE?]Hai teman-teman semua! Waktunya untuk menyimak cerita dari teman-teman relawan nih! Kali ini kita mendengar cerita dari Kabupaten Semarang, Sragen, dan Rembang. Selain sosialisasi 3M dan 3T, para relawan juga membantu program vaksinasi, Jateng 2 Hari di Rumah Saja, dan Jogo Tonggo.Nantikan cerita relawan berikutnya ya! Ayo #PadhaNgelingke ! Jangan lupa juga beli merchandise kami yang 100% keuntungannya akan diberikan pada para relawan, ya! @ganjar_pranowo @promkesdinkesjateng @dinkesjateng_prov-------------------------------------------@dkk_kabsmg @dinkessragen @dinkes_rembang @promkesrembang @puskesmas_rembang1 @puskesmaskuambarawa @puskesmasambarawa @puskesmasmasaran1",0,50,https://instagram.fcgk29-1.fna.fbcdn.net/v/t51.2885-15/sh0.08/e35/s640x640/161019503_126590486073185_882680251711549698_n.jpg?tp=1&_nc_ht=instagram.fcgk29-1.fna.fbcdn.net&_nc_cat=105&_nc_ohc=nrnnnUQn9DEAX_R0wjn&edm=APU89FABAAAA&ccb=7-4&oh=75740c97a333ac600f3515a0c88e77b0&oe=60DE9F3F&_nc_sid=86f79a,False,2021 Mar 18 15:33:18
44,https://www.instagram.com/p/CMefmtBHEt4/,"[OPEN PO MERCHANDISE PADHA NGELINGKE]Halo semuanya, hari ini ""Padha Ngelingke"" open Pre-Order merchandise yang terbuka untuk umum!Ada beberapa kaos keren berisi pesan untuk menerapkan protokol kesehatan nih! bisa kalian gunain sehari-hari, sekaligus menyampaikan pesan kepada sesama! Ayo lindungi diri sendiri dan sesama Melalui pembelian merchandise ini, kalian sudah sekaligus berdonasi untuk para relawan program ""Padha Ngelingke"". Jika teman-teman ingin berdonasi lebih, kami juga menerima dalam bentuk pembayaran lebih dari harga yang tertera. Price list :- EARLY BIRD (15-19 Maret) : Rp70.000/pcs- NORMAL PRICE (20-24 Maret) : Rp75.000/pcs*Khusus volunteer ALL ITEMS : Rp65.000/pcsSPECIAL OFFER :- BUNDLING : Rp135.000/2pcs- BUNDLING : Rp200k/3pcsPemesanan dapat dilakukan melalui http://bit.ly/PO_Merch-COFIGHTInformasi lebih lanjut, hubungi :CP : 085701770896 (Pubby)#PadhaNgelingke #BersatuLawanCOVID19 #3M3T",0,67,https://instagram.fcgk29-1.fna.fbcdn.net/v/t51.2885-15/sh0.08/e35/s640x640/160291452_760255374634022_1554604505825789785_n.jpg?tp=1&_nc_ht=instagram.fcgk29-1.fna.fbcdn.net&_nc_cat=102&_nc_ohc=fKtbgQTkxSgAX_oyYHO&edm=APU89FABAAAA&ccb=7-4&oh=9fc3450603974f8fd7f9bc564f74c29c&oe=60DDC40B&_nc_sid=86f79a,False,2021 Mar 16 17:35:35
45,https://www.instagram.com/p/CMZglheHKfj/,"[HIGHLIGHT COFIGHT BREAK 6]Siapa nih yang Selasa kemarin ketinggalan IG Live kita ttg kesehatan pendengaran dan headset?? Nah selain bisa ditonton di IGTV, Mico juga ngebuatin rangkuman nih buat kalian yang kemarin kelewat..Pertanyaan pertanyaan seputar pengaruh headset terhadap pendengaran dijawab tuntas oleh 2 dokter THT yang keren keren dr. @dr.muslimkasimdan dr. @mahatmabawono .Semoga ilmu nya bermanfaat ya #worldhearingday #headset #BersatuLawanCovid19 #3M3T",0,72,https://instagram.fcgk29-1.fna.fbcdn.net/v/t51.2885-15/sh0.08/e35/s640x640/160327621_480425972995874_7967892014789983517_n.jpg?tp=1&_nc_ht=instagram.fcgk29-1.fna.fbcdn.net&_nc_cat=102&_nc_ohc=MPpadXLC8EEAX9Vwxcl&edm=APU89FABAAAA&ccb=7-4&oh=480fe17a34f33e2292fae8bcabd2d267&oe=60DD827A&_nc_sid=86f79a,False,2021 Mar 14 19:07:57
46,https://www.instagram.com/p/CMY8FCYHmtt/,[TIK TOK CHALLENGE]Siapa nih yang udah siap siap mau ikutan TikTok Challenge #PadhaNgelingke yang kemarin Mico umumin??.Nah ini ketentuan lanjutannya tentang tema tema yang bisa kalian pilih. Adaa 5 tema menarik nih seputar protokol kesehatan..Ayoo mico tunggu video kalian sampai tanggal 25 Maret ini. Sama sama kita #PadhaNgelingke #BersatuLawanCovid19 #tiktokchallenge #tiktokindonesia #PADHANGELINGKE #3M3T,0,50,https://instagram.fcgk29-1.fna.fbcdn.net/v/t51.2885-15/sh0.08/e35/s640x640/160508673_757756648508852_4244499572639197770_n.jpg?tp=1&_nc_ht=instagram.fcgk29-1.fna.fbcdn.net&_nc_cat=108&_nc_ohc=qU6ebwbKvgMAX8_xDxY&edm=APU89FABAAAA&ccb=7-4&oh=ebec88ffaf99ac0bf9b9c493c0809973&oe=60DD3479&_nc_sid=86f79a,False,2021 Mar 14 13:48:57
47,https://www.instagram.com/p/CMWtUmTndeX/,"[INFO COFINFO]Halooo cofighter!  Mico ada info mih buat kalianKalian pasti udah pada tau tentang program Cofight untuk menyebarkan informasi antihoax di platform Whatsapp yang bernama COFINFO.Saat ini sudah 1300 pengguna Whatsapp sudah berlangganan broadcast ini lohh .Yukkk simak topik apa aja sih yang selama ini udah dibahas, infornatif banget kann .Jadi buat cofighter yg gamau ketinggalan lagi utk mendapatkan info2 COVID-19 yang super bermanfaat ini, cus klik bit.ly/cofinfo yaa. Ajak juga teman dan keluarga kalian, supaya hoax ttg COVID-19 bisa kita musnahkan bersama #pandemisegeraberakhir #indonesiabisa #antihoax #BersatuLawanCovid19 #3M3T",1,44,https://instagram.fcgk29-1.fna.fbcdn.net/v/t51.2885-15/sh0.08/e35/s640x640/159816667_113387710776861_1262952301523905755_n.jpg?tp=1&_nc_ht=instagram.fcgk29-1.fna.fbcdn.net&_nc_cat=109&_nc_ohc=9z2iUz-AHKsAX8uwxjQ&edm=APU89FABAAAA&ccb=7-4&oh=f91c2c0cd518f2a015da85c88058dde1&oe=60DD8248&_nc_sid=86f79a,False,2021 Mar 13 17:01:31
48,https://www.instagram.com/p/CMWj2BkHA5A/,"[PIYE KABARE PADHA NGELINGKE?]Bagaimana kabarnya hari ini, teman-teman Cofight semua? Semoga sehat selalu yaa, jangan lupa selalu taat melaksanaan protokol kesehatan! Teman-teman relawan masih terus semangat melalukan promosi kesehatan nih, agar masyarakat selalu saling mengingatkan untuk melakukan protokol kesehatan! Simak cerita lengkap dari teman-teman relawan di Pekalongan, Magelang, dan Pati yuk! Nantikan cerita relawan berikutnya ya! Ayo #PadhaNgelingke !@ganjar_pranowo @promkesdinkesjateng @dinkesjateng_prov-------------------------------------------@dinkeskotamagelang @dinkespati @dinkeskotapekalongab @promkes.pekalongankab @puskesmaswonokerto @puskesmaswonokerto1 @pkmkotamungkid @puskesmas_mungkid @puskesmaskajen1 @puskesmas_tirto2",0,51,https://instagram.fcgk29-1.fna.fbcdn.net/v/t51.2885-15/sh0.08/e35/s640x640/159195185_245369667224116_240258368177724950_n.jpg?tp=1&_nc_ht=instagram.fcgk29-1.fna.fbcdn.net&_nc_cat=104&_nc_ohc=lP4Z__gNNeUAX_RkzbR&edm=APU89FABAAAA&ccb=7-4&oh=8eda18579b89dfddf8846a828379e921&oe=60DE2C77&_nc_sid=86f79a,False,2021 Mar 13 15:38:42
49,https://www.instagram.com/p/CMWaDXhHBTa/,[TIK TOK CHALLENGE]Siapa nih yang sudah penasaran dengan postingan Mico kemarin tentang TikTok Challenge??.Naah ini ketentuannya bagi kalian yang pengen ikutan TikTok Challenge #PadhaNgelingke ini. Kalau masih ada yang mau ditanyakan boleh banget ngeDM mico .Ayoo rame rame ikut dan ajak teman teman kalian untuk #PadhaNgelingke #tiktokchallenge #tiktokindonesia #PadhaNgelingke #BersatuLawanCOVID19 #3M3T,2,48,https://instagram.fcgk29-1.fna.fbcdn.net/v/t51.2885-15/sh0.08/e35/s640x640/159460568_448751163127786_3297018410576660700_n.jpg?tp=1&_nc_ht=instagram.fcgk29-1.fna.fbcdn.net&_nc_cat=110&_nc_ohc=aaQS8cQfsWIAX80HIBH&edm=APU89FABAAAA&ccb=7-4&oh=d80c22a518eefcc7d1cbfca2f8cc66fe&oe=60DE97DC&_nc_sid=86f79a,False,2021 Mar 13 14:13:09
