,Link,Caption,Comments,Likes,Thumbnail,Video?,Post Date
0,https://www.instagram.com/p/CINzb4TndeM/,Apa saja bahayanya? Apakah jadi lebih rentan terkena COVID 19? Mengapa? Yuk simak bahasan berikut bersama dengan dr. Adaninggar Sp.PD,0,35,https://scontent-xsp1-1.cdninstagram.com/v/t51.2885-15/e35/c0.126.504.504a/128492649_1008638262873171_3707964385287029684_n.jpg?_nc_ht=scontent-xsp1-1.cdninstagram.com&_nc_cat=103&_nc_ohc=4WFSsTX3IpgAX-T5UBx&tp=1&oh=6b648f49635e56f0929109e29b204ecd&oe=5FD001CC,True,2020 Nov 30 19:56:31
1,https://www.instagram.com/p/CIF7KoPHSj2/,"""TOLONG!! SAYA GAK MAU BERISIKO TERKENA COVID,"" kata Bapak X, usia 50 tahun, ketika baru saja diberitahu dokter bahwa pandemi tidak boleh sampai menganggu pengobatan Darah Tingginya. Bapak X mengaku selama ini merasa takut pergi ke RS dan selama 8 bulan terakhir hanya minum obat warung ketika ada gejala seperti pusing.HAL TERSEBUT TENTU TIDAK TEPAT! Seorang penderita penyakit tidak menular, harus taat akan anjuran dokter, mengapa? Apa kah berbahaya? Ada hubungannya sama COVID-19?  Kalopun memang saya sehat, tapi ortu saya yang darah tinggi, saya harus gimana??? SOLUSI MENANTI! CARI TAU SELENGKAPNYA DI COFIGHT BREAK MENDATANGğŸ™‚Senin, 30 November 2020Pukul 19.00 di Live IG @cofight_id#lawanCOVID #lawanPTM #hidupsehatmuladarisekarang #jagajarak",0,47,https://scontent-xsp1-1.cdninstagram.com/v/t51.2885-15/sh0.08/e35/s640x640/127460649_208902030727559_3153490890075649681_n.jpg?_nc_ht=scontent-xsp1-1.cdninstagram.com&_nc_cat=111&_nc_ohc=xEgCNSaskTMAX_n9JqI&tp=1&oh=37aaa7ea1abd701de03dc4a06eb4e4c7&oe=5FF7424F,False,2020 Nov 27 18:29:50
2,https://www.instagram.com/p/CIDaAWEH9Mb/,"[TERNYATA INI PENYEBABNYAâš ï¸âš ï¸âš ï¸]Pandemi COVID-19 terbukti menimbulkan permasalahan kesehatan khususnya dalam penanganan Penyakit Tidak Menular. Kok bisa??1. Tenaga medis yang dikerahkan untuk COVID-192. Dana dan fasilitas pelayanan diarahkan untuk COVID-193. Belum lagi istilah Coronaphobia yang menghantui masyarakat terhadap situasi RSHal tersebut meningkatkan kerentanan penderita Penyakit Tidak Menular semakin berisiko terkena COVID19--walaupun semua orang tetap berisiko terkena-- jika tidak ditangani lebih lanjut. Belum lagi, kebiasaan dan gaya hidup ""lockdown"" demi keamanan pandemi. Rebahan seharian dan kurangnya aktivitas fisik turut berkontribusi loh pada kejadian Penyakit Tidak Menular tersebut. Mau sampai kapan lingkaran maut ini terus terjadi?? [Cek story hari ini untuk tahu solusinya nya ya!ğŸ˜ŠğŸ˜Š]#bersatulawancovid19 #jagajarak #PakaiMasker #PenyakitTidakMenular #SehatdikalaPandemi",0,53,https://scontent-xsp1-1.cdninstagram.com/v/t51.2885-15/sh0.08/e35/s640x640/127341773_432383807891369_4563584664851078820_n.jpg?_nc_ht=scontent-xsp1-1.cdninstagram.com&_nc_cat=105&_nc_ohc=j8iNcITXj94AX-6jlo7&tp=1&oh=0454f321000defd3691fbd18abc93346&oe=5FF81C3D,False,2020 Nov 26 19:01:35
3,https://www.instagram.com/p/CH-M62HHopZ/,Ke rumah sakit selama pandemi? Males banget nanti malah kena covidğŸ˜£ğŸ˜£ Eitts tunggu dulu! Kalau kalian atau orang terdekat kalian punya penyakit tidak menular tetap harus kontrol ke rumah sakit atau fasilitas kesehatan lainnya! Loh apa sih emangnya penyakit tidak menular itu? Kenapa ttp harus ke rumah sakit kan bahaya covid? Yuk cari tau bersama mico seputar penyakit tidak menular selama pandemi! Slide 3 mencengangkan! #bersatulawancovid #jagajarak #pakaimasker #penyakittidakmenular,1,88,https://scontent-xsp1-2.cdninstagram.com/v/t51.2885-15/sh0.08/e35/s640x640/127004489_874617473344082_1229426087386371201_n.jpg?_nc_ht=scontent-xsp1-2.cdninstagram.com&_nc_cat=102&_nc_ohc=yFw3_v2r6YwAX88jGFf&tp=1&oh=764a8b3dd1f0a3560eb130e17905f4a3&oe=5FF530AD,False,2020 Nov 24 18:31:02
4,https://www.instagram.com/p/CHy5KWbHn71/,"Halo semua ğŸ‘‹ğŸ˜ƒ, kali ini Mico post hasil bincang-bincang bersama dengan Kak Lala @bianglalaa dari @welasasihid tentang, ""Gimana sih cara kita menjadi asertif di kala pandemi?"". Mungkin ada yang belum paham apa itu asertif atau temen-temen lain yang masih bingung, ""Kenapa sih orang jadi baper pas diingetin?"". Boleh gak sih kita-kita ini baper?. Hehe, penasaran kan? Cuss, simak bareng diskusi onlen kita kali ini. Eitss, tenang aja! ini bisa diterapkan di kehidupan sehari-hari kok ngga cuma pas pandemi aja lhoo. Tonton yaa please, ini bukti cinta Mico untuk kalian â¤",0,19,https://scontent-xsp1-2.cdninstagram.com/v/t51.2885-15/sh0.08/e35/c0.420.1080.1080a/s640x640/126512021_193172799045276_8412322409775419872_n.jpg?_nc_ht=scontent-xsp1-2.cdninstagram.com&_nc_cat=100&_nc_ohc=H6Gp2oK8VTIAX9JLIHg&tp=1&oh=837014ceff048df32200b36131aab1a5&oe=5FCFE73E,True,2020 Nov 20 09:34:16
5,https://www.instagram.com/p/CHuKpS-HIlD/,Ternyata Fighters masih banyak yang galau urusan tegur-menegur orang lain yang melanggar protokol kesehatan ya....ğŸ˜¥Nah kebetulan Mico ada sedikit tips and tricks yang bisa membantu teman-teman Fighters untuk lebih berani dalam menegakkan kebenaran hihi.. ğŸ˜‰ Semoga membantu ya! #BersatuLawanCovid19 #GotongRoyong #JagaJarak #PakaiMasker #CuciTanganPakaiSabun #3M #EwuhPekewuh #PadhaNgelingke,0,27,https://scontent-xsp1-2.cdninstagram.com/v/t51.2885-15/sh0.08/e35/s640x640/126157844_819386428904538_7445554903423259945_n.jpg?_nc_ht=scontent-xsp1-2.cdninstagram.com&_nc_cat=106&_nc_ohc=k69d7MPCTZkAX-cGPTA&tp=1&oh=461e79cd70119b30b8943f4c951f9159&oe=5FF8D0C2,False,2020 Nov 18 13:03:19
6,https://www.instagram.com/p/CHo8MRPHTSO/,"Mico dapat ilmu baru ternyata kalau menegur itu jangan memberi perintah langsung lho ğŸ˜‰Ini rangkuman Cofight Break Eps 5: Padha Ngelingke - Menjadi Asertif di Kala Pandemi, dibaca ya Fighters!#BersatuLawanCovid19 #GotongRoyong #JagaJarak #PakaiMasker #CuciTanganPakaiSabun #3M #EwuhPekewuh #PadhaNgelingke",0,33,https://scontent-xsp1-2.cdninstagram.com/v/t51.2885-15/sh0.08/e35/s640x640/125240395_379815519994780_4009324141376549756_n.jpg?_nc_ht=scontent-xsp1-2.cdninstagram.com&_nc_cat=104&_nc_ohc=61WhS490AccAX_r3IId&tp=1&oh=8d2b674f2d9d730699537b67a2fc15f0&oe=5FF7704C,False,2020 Nov 16 12:20:49
7,https://www.instagram.com/p/CHe5PieJ-YP/,"Sudah benar belum jawaban kemarin, Fighters? Memang ada ya hubungannya perasaan â€œpekewuhâ€ dengan pandemi saat ini?Mico juga masih mau cari-cari tahu lebih lanjut nih..ğŸ¤“Jangan lupa ya nonton Cofight Break Edisi 5 besok Jumat pukul 19.00-20.00 WIB!#BersatuLawanCovid19 #GotongRoyong #JagaJarak #PakaiMasker #CuciTanganPakaiSabun #3M #EwuhPekewuh #PadhaNgelingke",0,32,https://scontent-xsp1-2.cdninstagram.com/v/t51.2885-15/sh0.08/e35/s640x640/124813809_439735100558173_1626548169291397427_n.jpg?_nc_ht=scontent-xsp1-2.cdninstagram.com&_nc_cat=101&_nc_ohc=2VIje6Lg6BIAX_pN7GP&tp=1&oh=7d615ddad3141927746806febb08588f&oe=5FF6247E,False,2020 Nov 12 14:42:38
8,https://www.instagram.com/p/CHcP0oGHdvl/,"Pernah ngerasa sungkan atau ""pekewuh"" untuk menegur keluarga yang bertamu tanpa masker? Bingung gimana ngingetin penjual makanan yang nurunin masker di leher? Kesehatan adalah tanggung jawab kita bersama, lalu gimana sih cara saling mengingatkan dengan asertif di kala pandemi ini? Apakah budaya ""pekewuh"" ada hubungannya dengan pandemi?ğŸ¤”Penasaran kan Fighters...?!Yuk saksikan Cofight Break Eps 5: Padha Ngelingke - Menjadi Asertif di Kala Pandemi bareng @welasasihid besok Jumat pukul 19.00-20.00 WIB#BersatuLawanCovid19 #GotongRoyong #JagaJarak #PakaiMasker #CuciTanganPakaiSabun #3M #EwuhPekewuh #PadhaNgelingke",0,51,https://scontent-xsp1-2.cdninstagram.com/v/t51.2885-15/sh0.08/e35/s640x640/124267531_203541864487233_6076932780011623614_n.jpg?_nc_ht=scontent-xsp1-2.cdninstagram.com&_nc_cat=109&_nc_ohc=LJqg0m2m2pcAX9xbO4Q&tp=1&oh=726e68480cdeb55943641d6f04c7123b&oe=5FF7DC26,False,2020 Nov 11 14:02:13
9,https://www.instagram.com/p/CHKhkwZHXnn/,Alternatif seru dari salaman atau cium tangan selama pandemi!.Gimana? Mungkin nggak ya diterapkan di Indonesia? Berani nggak ya Fighters mengajak keluarga dan lingkungan untuk melakukan alternatif dari salaman? Atau kurang sesuai nih sama budaya di Indonesia? ğŸ˜•.Video sepenuhnya milik @guardian dan dapat diakses di channel Youtube The Guardian.#BersatuLawanCovid19 #GotongRoyong #JagaJarak #PakaiMasker #CuciTanganPakaiSabun #3M #PadhaNgelingke,0,19,https://scontent-xsp1-2.cdninstagram.com/v/t51.2885-15/e35/c0.236.607.607a/123462336_2778089505794524_6362476487585201070_n.jpg?_nc_ht=scontent-xsp1-2.cdninstagram.com&_nc_cat=104&_nc_ohc=OZ6KVL46xLwAX-IqqNK&tp=1&oh=5620a842f7e053ba0db03e8335b8717f&oe=5FCFFF91,True,2020 Nov 04 16:51:33
10,https://www.instagram.com/p/CHKgTAZnBMS/,"Apa cuma Mico yang harus menghadapi konflik batin setiap bertemu senior? Salim nggak ya? Cium tangan nggak ya? ğŸ¤¯.Ternyata sulit ya Fighters menerapkan protokol kesehatan. Bukan karena tidak paham atau tidak mau, tapi karena pandemi ini memaksa kita untuk beradaptasi dengan budaya yang sudah ada sekian lama..Kamu punya cerita lain tentang budaya di lingkunganmu yang membuat protokol 3M menjadi menantang? Mico mau dengar dong!.#BersatuLawanCovid19 #GotongRoyong #JagaJarak #PakaiMasker #CuciTanganPakaiSabun #3M #PadhaNgelingke",0,28,https://scontent-xsp1-2.cdninstagram.com/v/t51.2885-15/sh0.08/e35/s640x640/123773636_1029424884239906_5186476531100267845_n.jpg?_nc_ht=scontent-xsp1-2.cdninstagram.com&_nc_cat=102&_nc_ohc=apAK9PUgbGgAX8eFMRz&tp=1&oh=45fdc1a7d9ce0df4468ba87e43f71db6&oe=5FCFCD0A,False,2020 Nov 04 16:39:51
11,https://www.instagram.com/p/CHHpj6-nrSX/,"Ternyata melihat layar membuat mata lupa berkedip!!! Pantesan jadi perih, kering, gatal ğŸ˜± .Baca selengkapnya rangkuman Cofight Break Eps.4 tentang Computer Vision Syndrome dari Mico untuk Fighters sayang ğŸ‘†ğŸ».#BersatuLawanCovid19 #GotongRoyong #JagaJarak #PakaiMasker #CuciTanganPakaiSabun #Kesehatan #ComputerVisionSyndrome",0,68,https://scontent-xsp1-1.cdninstagram.com/v/t51.2885-15/sh0.08/e35/s640x640/123128952_301550054145452_7808213993808989820_n.jpg?_nc_ht=scontent-xsp1-1.cdninstagram.com&_nc_cat=108&_nc_ohc=gBSJ2MjmM_YAX_avW-7&tp=1&oh=d07ee04fd7931939eeb1500e09133e6a&oe=5FF62395,False,2020 Nov 03 14:03:05
12,https://www.instagram.com/p/CHCAZ2uHHhl/,Mitos dan fakta tentang Computer Vision Syndrome! Sudah tahu belum? ğŸ˜‹.Ditunggu ya rangkuman Cofight Break Eps. 4! Tipsnya bermanfaat banget loh ğŸ‘ğŸ».#BersatuLawanCovid19 #GotongRoyong #JagaJarak #PakaiMasker #CuciTanganPakaiSabun #Kesehatan #ComputerVisionSyndrome,0,24,https://scontent-xsp1-2.cdninstagram.com/v/t51.2885-15/sh0.08/e35/s640x640/123144101_2665967960331156_7413446518143570541_n.jpg?_nc_ht=scontent-xsp1-2.cdninstagram.com&_nc_cat=100&_nc_ohc=TQiM_z9sjKoAX91QPLU&tp=1&oh=fe8d104f46f440358218f9ce75b3f44e&oe=5FF8C488,False,2020 Nov 01 09:27:14
13,https://www.instagram.com/p/CG_5jdgntOe/,"Siapa yang sejak pandemi ini jadi sering sakit kepala dan matanya kering?! Mico sering banget sampai dikasih obat tetes mata sama dokter ğŸ˜­.Yuk ngobrol tentang Computer Vision Syndrome bareng dr. @banuaji.d Sp.M di Cofight Break Eps. 4: Mata Pegal, Kepala Sakit, Gara-gara Pandemi?.Hari ini banget, Fighters!ğŸ˜±.#BersatuLawanCovid19 #GotongRoyong #JagaJarak #PakaiMasker #CuciTanganPakaiSabun #Kesehatan #ComputerVisionSyndrome",0,34,https://scontent-xsp1-1.cdninstagram.com/v/t51.2885-15/sh0.08/e35/s640x640/123143064_2015823355217111_3297715869032614414_n.jpg?_nc_ht=scontent-xsp1-1.cdninstagram.com&_nc_cat=111&_nc_ohc=o-uO0fvlO7EAX_QihBT&tp=1&oh=aa20ac43685a45c21223d1b568002cbe&oe=5FF63E41,False,2020 Oct 31 13:48:54
14,https://www.instagram.com/p/CG_yO2vn87W/,"Beberapa bulan lalu, Mico melakukan advokasi ke salah satu dusun di daerah Seyegan, Sleman. Advokasi ini dihadiri para perwakilan dari perangkat desa, kader, PKK, takmir masjid, dan karang taruna. .Kita ingin menggali permasalahan penerapan protokol kesehatan yang dialami masyarakat. Dari diskusi ini kita mendapat banyak insight baru mengenai apa yang sesungguhnya terjadi di lapangan..Mari berdiskusi! Masalah apa yang dihadapi daerah kamu dan ide apa yang kamu miliki atau bahkan sudah diterapkan di daerah kamu? ğŸ§.#BersatuLawanCovid19 #GotongRoyong #JagaJarak #PakaiMasker #CuciTanganPakaiSabun #KesehatanMental",0,34,https://scontent-xsp1-2.cdninstagram.com/v/t51.2885-15/sh0.08/e35/s640x640/123145527_3478546885556556_6117183828272616161_n.jpg?_nc_ht=scontent-xsp1-2.cdninstagram.com&_nc_cat=100&_nc_ohc=BZmI3_avsA4AX_MVuIe&tp=1&oh=da521a6288b64b6fa652c8c83267e463&oe=5FF64AEE,False,2020 Oct 31 12:44:55
15,https://www.instagram.com/p/CG_xehwn_1G/,"Rekomendasi buku dari Cofight Break Eps.4. Mico langsung baca, nih! ğŸ“š.1. Indistractable karya Nir Eyal2. Atomic Habits karya James Clear3. Eat That Frog karya Brian Tracy4. 7 Habits of Highly Effective People karya Stephen Covey5. The Power of Habit karya Charles Duhigg6. Rich Dad, Poor Dad karya Robert T. Kiyosaki7. Don't Sweat The Small Stuff karya Richard Carlson.Kamu sudah baca yang mana? .#BersatuLawanCovid19 #GotongRoyong #JagaJarak #PakaiMasker #CuciTanganPakaiSabun #KesehatanMental",0,58,https://scontent-xsp1-1.cdninstagram.com/v/t51.2885-15/sh0.08/e35/s640x640/123142691_184641836502371_194227761643624652_n.jpg?_nc_ht=scontent-xsp1-1.cdninstagram.com&_nc_cat=111&_nc_ohc=Xofa-GzbP1YAX_-SLS1&tp=1&oh=1be8babb161994185bc072038cf74681&oe=5FF7A7EC,False,2020 Oct 31 12:38:19
16,https://www.instagram.com/p/CG_r0n-nvbq/,"Tips-tips mengurangi kebiasaan menunda khusus untuk Fighters. ğŸ˜‹.Rangkuman ke-2 Cofight Break Eps. 3 bareng dr. Andi Sp.KJ, FACLP dengan tema prokrastinasi..Ditunggu ya next post ada rekomendasi buku-buku mind-shifting yang bisa Fighters baca di long weekend ini!.#BersatuLawanCovid19 #GotongRoyong #JagaJarak #PakaiMasker #CuciTanganPakaiSabun #KesehatanMental",0,19,https://scontent-xsp1-2.cdninstagram.com/v/t51.2885-15/sh0.08/e35/s640x640/123108728_1287185824949001_3735064537191482167_n.jpg?_nc_ht=scontent-xsp1-2.cdninstagram.com&_nc_cat=109&_nc_ohc=dUvaOSFGUOMAX-pb0yX&tp=1&oh=4e2a659250868e239d9553b2f0550b35&oe=5FD013ED,False,2020 Oct 31 11:48:55
17,https://www.instagram.com/p/CG_rIJUHAy9/,"Ini dia yang ditunggu-tunggu! Rangkuman ke-1 Cofight Break Eps. 3 bareng dr. @andripsikosomatik Sp.KJ, FACLP dengan tema prokrastinasi ğŸ¤“.Ditunggu ya nanti akan ada rekomendasi buku-buku mind-shifting yang bisa Fighters baca di long weekend ini!.Ups, Mico salah pencet slide kedua. Abaikan aja ya Fighters ğŸ˜³.#BersatuLawanCovid19 #GotongRoyong #JagaJarak #PakaiMasker #CuciTanganPakaiSabun #KesehatanMental",0,65,https://scontent-xsp1-1.cdninstagram.com/v/t51.2885-15/sh0.08/e35/s640x640/122919871_400939750900529_5951195852676101572_n.jpg?_nc_ht=scontent-xsp1-1.cdninstagram.com&_nc_cat=105&_nc_ohc=Ylncggm8-BkAX9jB_dC&tp=1&oh=69b79d3a6f14d2b566aa7a3b2a2f81d5&oe=5FF5500C,False,2020 Oct 31 11:42:50
18,https://www.instagram.com/p/CGuoHr9H45l/,"Di Cofight Break sesi ini, Mico membahas mengenai kebiasaan menunda-nunda alias prokrastinasi. Mau tau gimana cara mencegah dan solusinya? Tonton sampai habis, yaa! .#BersatuLawanCovid19 #GotongRoyong #JagaJarak #PakaiMasker #CuciTanganPakaiSabun #KesehatanMental #mentalhealth #mentalhealthawareness #mentalhealthmatters",1,75,https://scontent-xsp1-1.cdninstagram.com/v/t51.2885-15/e35/c0.168.432.432a/122286392_809851523111933_7172227038543294526_n.jpg?_nc_ht=scontent-xsp1-1.cdninstagram.com&_nc_cat=105&_nc_ohc=vJyckrBGv7EAX8JLdyb&tp=1&oh=c85dbfcf779414db92e60462080c63b1&oe=5FD00820,True,2020 Oct 24 20:49:47
19,https://www.instagram.com/p/CGtZthUn0Px/,"Wah topiknya relatable banget! Siapa nih yang suka menunda pekerjaan? Ada yang merasa semakin sering menunda sejak pandemi?.Boleh loh tanya atau curhat tentang masalahmu di Cofight Break episode 3: Menunda Tanda Malas? Atau Ada Penyebab Lain?.Mico nggak sabar nih ngobrol sama dr. @andripsikosomatik Sp.KJ, FACLP pakar psikosomatik. Malam ini banget! ğŸ¤©.#BersatuLawanCovid19 #GotongRoyong #JagaJarak #PakaiMasker #CuciTanganPakaiSabun #mentalhealth #worldmentalhealthday #mentalhealthawareness #mentalhealthmatters",0,65,https://scontent-xsp1-1.cdninstagram.com/v/t51.2885-15/sh0.08/e35/s640x640/122449338_278939079986427_2723276089174821068_n.jpg?_nc_ht=scontent-xsp1-1.cdninstagram.com&_nc_cat=103&_nc_ohc=wkB84UJ_La0AX_sTnAq&tp=1&oh=cbe1c50f217bc238a2f1bad65dd14f6a&oe=5FF6D1E2,False,2020 Oct 24 09:24:20
20,https://www.instagram.com/p/CGrXEywHbFi/,"Halo Warga Jawa Tengah dan DIYğŸ‘‹ğŸ»Apa kabar hari ini? Semoga senantiasa sehat dan semangat yaa! Kami dari COFIGHT, sedang melakukan penelitian mengenai â€œGambaran Budaya Ewuh Pakewuh terhadapÂ  Penerapan Protokol Kesehatanâ€Bagi Anda yang berusia 17-60 tahun dan tinggal di Jawa Tengah atau DI Yogyakarta kami memohon kesediaan anda untuk mengisi kuesioner iniğŸ˜ğŸ“ğŸ“ğŸ“https://bit.ly/surveycofightğŸ“ğŸ“ğŸ“ğŸ‰ Dapatkan juga voucher pulsa/OVO/GoPay senilai total 500.000 untuk 25 orang pengisi survey yang beruntung!ğŸ‰Untuk informasi lebih lanjut silahkan menghubungi Salsabila (+6282226007033 atau collaboratetofight@gmail.com)Salam kolaborasi,COFIGHT",6,154,https://scontent-xsp1-2.cdninstagram.com/v/t51.2885-15/sh0.08/e35/s640x640/122172799_123162692886282_554581418922539143_n.jpg?_nc_ht=scontent-xsp1-2.cdninstagram.com&_nc_cat=106&_nc_ohc=VH5cuR7vRg8AX_sH0kq&tp=1&oh=cab2132c8fdb2d1526971bccf7605cac&oe=5FF6C2DF,False,2020 Oct 23 14:22:49
21,https://www.instagram.com/p/CGrWQzbnrEI/,"Repost dari dr. @jiemiardian Sp. KJ.Kamu pernah merasa seperti Citra? Kesulitan mengatur jadwal karena terlalu sering prokrastinasi? Kenapa kok bisa gitu ya, Fighters? .Yuk langsung kepoin aja di Cofight Break hari Sabtu 24 Oktober bareng dr. @andripsikosomatik Sp.KJ âœ¨.#BersatuLawanCovid19 #GotongRoyong #JagaJarak #PakaiMasker #CuciTanganPakaiSabun #mentalhealth #worldmentalhealthday #mentalhealthawareness #mentalhealthmatters",1,105,https://scontent-xsp1-1.cdninstagram.com/v/t51.2885-15/sh0.08/e35/c0.135.1145.1145a/s640x640/122248372_826687371477965_282311810611123102_n.jpg?_nc_ht=scontent-xsp1-1.cdninstagram.com&_nc_cat=105&_nc_ohc=q3iH0qnkQW8AX-k2-qb&tp=1&oh=fe6627c8d8e75c028df5d2168dd93ec8&oe=5FF78788,False,2020 Oct 23 14:15:43
22,https://www.instagram.com/p/CGoMv1Fn32o/,"Gimana, jawaban kamu sudah benar belum? ğŸ¤“.Ternyata prokrastinasi bukan tanda kemalasan loh! Ibarat gunung es, ada banyak hal yang menyebabkan orang menunda pekerjaan, salah satunya karena kesulitan meregulasi emosi. Tapi yang banyak diketahui orang hanya rasa malas. .Penasaran? Mico juga! Jangan lupa ditonton Cofight Break hari Sabtu 24 Oktober besok!.#BersatuLawanCovid19 #GotongRoyong #JagaJarak #PakaiMasker #CuciTanganPakaiSabun #mentalhealth #worldmentalhealthday #mentalhealthawareness #mentalhealthmatters #mentalillness",1,62,https://scontent-xsp1-2.cdninstagram.com/v/t51.2885-15/sh0.08/e35/s640x640/122049006_645373406370660_6490859337482720237_n.jpg?_nc_ht=scontent-xsp1-2.cdninstagram.com&_nc_cat=100&_nc_ohc=Bgl1aKVELy4AX9s4xKu&tp=1&oh=61231af9aba8b557a42b6e0d7001a7dc&oe=5FF8EAE1,False,2020 Oct 22 08:54:51
23,https://www.instagram.com/p/CGg4-xVHNBM/,"Drakor alert!!!!! Udah nonton film ini? Bukan sembarang drakor nih Fighters, film ini banyak mengangkat topik tentang kesehatan mental ğŸ§.Setiap penayangan episode baru, film ini selalu jadi trending topic di media sosial loh. Tokoh utamanya adalah tenaga kesehatan di bangsal psikiatri dan seorang penulis dengan kepribadian anti sosial. Ada banyak masalah kesehatan mental lain yang juga diangkat di film ini. Mico jadi ikut belajar tentang kesehatan mental deh. ğŸ¤—.#BersatuLawanCovid19 #GotongRoyong #JagaJarak #PakaiMasker #CuciTanganPakaiSabun #mentalhealth #worldmentalhealthday #mentalhealthawareness #mentalhealthmatters #kdrama",1,134,https://scontent-xsp1-2.cdninstagram.com/v/t51.2885-15/sh0.08/e35/s640x640/121658917_700761230799028_8298869806606243049_n.jpg?_nc_ht=scontent-xsp1-2.cdninstagram.com&_nc_cat=104&_nc_ohc=r_BI1fVt0p4AX8MT-Cb&tp=1&oh=f4d9884c0807f288d8da9ee793d96f2c&oe=5FF670B0,False,2020 Oct 19 12:47:26
24,https://www.instagram.com/p/CGgiU9EngQY/,"Lewat polling snapgram kemarin, ternyata 43% Fighters merasa pengaruh media sosial itu buruk. Hampir setengahnya, loh! ğŸ˜±.Kalau menurut kamu gimana? Bisa bayangin nggak pandemi tanpa media sosial?.#BersatuLawanCovid19 #GotongRoyong #JagaJarak #PakaiMasker #CuciTanganPakaiSabun #mentalhealth #worldmentalhealthday #mentalhealthawareness #mentalhealthmatters #mentalillness",0,31,https://scontent-xsp1-2.cdninstagram.com/v/t51.2885-15/sh0.08/e35/s640x640/121736478_112707053830254_6072276531069296988_n.jpg?_nc_ht=scontent-xsp1-2.cdninstagram.com&_nc_cat=106&_nc_ohc=dzY1Bz8JOW4AX-OgE59&tp=1&oh=3376c97be6960c480948eeb049601d5d&oe=5FF5E092,False,2020 Oct 19 09:29:29
25,https://www.instagram.com/p/CGeRiR5HwYx/,"Oalah ternyata media sosial sangat berpengaruh terhadap kesehatan mental loh! Mico baru tau. Selama pandemi ini, kamu sudah bijak belum menggunakan media sosial?.Silakan diintip ya Fighters, highlight Cofight Break minggu ini ğŸ¤—.#BersatuLawanCovid19 #GotongRoyong #JagaJarak #PakaiMasker #CuciTanganPakaiSabun #KesehatanMental",0,46,https://scontent-xsp1-1.cdninstagram.com/v/t51.2885-15/sh0.08/e35/s640x640/121598510_857663044974461_178784307017836477_n.jpg?_nc_ht=scontent-xsp1-1.cdninstagram.com&_nc_cat=105&_nc_ohc=pXd1xmjGqN0AX8soliL&tp=1&oh=160131d03e80c21b1e7d01ebf7ef00a5&oe=5FF8FC7E,False,2020 Oct 18 12:24:17
26,https://www.instagram.com/p/CGcTbjWHJdF/,"Cofight Break: Pandemi Kenapa Capek, Ya? Aku Harus Apa?.Pada Cofight Break sesi ini, Mico membahas mengenai pentingnya menjaga kesehatan mental selama pandemi. Mau tau kenapa dan bagaimana caranya? Tonton sampai habis, yaa!.#BersatuLawanCovid19 #GotongRoyong #JagaJarak #PakaiMasker #CuciTanganPakaiSabun #Kesehatan #KesehatanMental",0,31,https://scontent-xsp1-1.cdninstagram.com/v/t51.2885-15/sh0.08/e35/c0.420.1080.1080a/s640x640/122014450_689601421934482_6484122905621924563_n.jpg?_nc_ht=scontent-xsp1-1.cdninstagram.com&_nc_cat=110&_nc_ohc=NHifD04yXh4AX-nq1wM&tp=1&oh=a36eda9a0a307a57f404b42b7a767262&oe=5FCFC066,True,2020 Oct 17 18:02:21
27,https://www.instagram.com/p/CGXEhNPnOJd/,"Pandemi bikin stres banget deh, Mico!.Kok susah ya produktif kayak dulu? Kenapa aku jadi sering mikir yang nggak-nggak? Kapan ya pandemi ini berakhir? .Bisa jadi, keluhan yang kamu rasakan sudah berdampak pada kesehatan mentalmu, lho. ğŸ˜¢.Terus harus gimana, ya? Padahal kata WHO, sehat itu tidak hanya fisik tapi juga mental. Kamu mau temani Mico cari solusinya bareng-bareng?.#BersatuLawanCovid19 #GotongRoyong #JagaJarak #PakaiMasker #CuciTanganPakaiSabun #mentalhealth #worldmentalhealthday #mentalhealthawareness #mentalhealthmatters #mentalillness",0,29,https://scontent-xsp1-2.cdninstagram.com/v/t51.2885-15/sh0.08/e35/s640x640/121406077_443884803251365_6413900137879205622_n.jpg?_nc_ht=scontent-xsp1-2.cdninstagram.com&_nc_cat=101&_nc_ohc=yrA8KiTMhA0AX_9tfi1&tp=1&oh=7774366d6b3db0ab34e8215eca076836&oe=5FCFB9CB,True,2020 Oct 15 17:15:57
28,https://www.instagram.com/p/CGXDl0knRYv/,Pandemi bikin stres? Semua jenis stres memicu masalah mental? Kurang ibadah bisa buat gangguan mental?.Kira-kira mitos atau fakta ya Fighters?.Atau justru Fighters punya pertanyaan lain untuk Cofight Break episode 2?.#BersatuLawanCovid19 #GotongRoyong #JagaJarak #PakaiMasker #CuciTanganPakaiSabun #mentalhealth #worldmentalhealthday #mentalhealthawareness #mentalhealthmatters #mentalillness,2,76,https://scontent-xsp1-2.cdninstagram.com/v/t51.2885-15/sh0.08/e35/s640x640/121411346_381163876261866_5637979688623822476_n.jpg?_nc_ht=scontent-xsp1-2.cdninstagram.com&_nc_cat=106&_nc_ohc=ATjZehtS_yEAX-ASmpe&tp=1&oh=2cc150a139ad88ea870c9d9bd48e9597&oe=5FF5A501,False,2020 Oct 15 17:07:45
29,https://www.instagram.com/p/CGT_gcXHR85/,"Ini dia bukti sayangnya Mico. Fighters yang belum nonton Cofight Break edisi Maskne di IGTV, Mico buatin rangkuman! Apa sih yang nggak buat Fighters? .Pasti habis ini wajah Fighters tetap glowing walau diterpa pandemi ğŸ¤©.Terima kasih banyak kepada dr. @awaliafebriana, M.Kes, PhD, Sp.KK(K) atas ilmunya yang mencerahkan ğŸ™ğŸ».#BersatuLawanCovid19 #GotongRoyong #JagaJarak #PakaiMasker #CuciTanganPakaiSabun",1,127,https://scontent-xsp1-2.cdninstagram.com/v/t51.2885-15/sh0.08/e35/s640x640/121266730_268848267699676_1799822623947784949_n.jpg?_nc_ht=scontent-xsp1-2.cdninstagram.com&_nc_cat=104&_nc_ohc=ggUJjBKtYIUAX8jMNor&tp=1&oh=1f0fe3a9b4b3a5a785e71eb211c42092&oe=5FF54291,False,2020 Oct 14 12:34:20
30,https://www.instagram.com/p/CGTS5sSHq9I/,"Tipe kulit wajah kamu yang mana Fighters? Jangan-jangan belum tahu? Eits, tapi apa ya kepentingan tahu tipe kulit? .Penasaran? Mico kebetulan habis ngobrol bareng dokter spesialis kulit dan kelamin, nih! Langsung aja gaskeun ke IGTV Cofight ğŸ˜‡.#BersatuLawanCovid19 #GotongRoyong #JagaJarak #PakaiMasker #CuciTanganPakaiSabun",0,34,https://scontent-xsp1-2.cdninstagram.com/v/t51.2885-15/sh0.08/e35/s640x640/121511072_2648963002084398_8627231092570539332_n.jpg?_nc_ht=scontent-xsp1-2.cdninstagram.com&_nc_cat=106&_nc_ohc=EYnC3zikb-kAX_XwgsT&tp=1&oh=b0dca2fda95acaebbb2805fb8cd17c5b&oe=5FCFA288,False,2020 Oct 14 06:04:34
31,https://www.instagram.com/p/CGMvxXonhrJ/,"Di Cofight Break sesi ini, Mico membahas mengenai serba-serbi ""maskne"" alias jerawat akibat masker. Mau tau gimana cara mencegah dan solusinya? Tonton sampai habis, yaa! .#BersatuLawanCovid19 #GotongRoyong #JagaJarak #PakaiMasker #CuciTanganPakaiSabun #skincare #skincaretips #skinhealth #skinhealthy",1,86,https://scontent-xsp1-1.cdninstagram.com/v/t51.2885-15/e35/c0.150.540.540a/121076491_763640074491519_441842976066938106_n.jpg?_nc_ht=scontent-xsp1-1.cdninstagram.com&_nc_cat=103&_nc_ohc=C9jUO3SIhhwAX8Nj49b&tp=1&oh=1a1f4389067e00676993ea57257acc23&oe=5FCF89C9,True,2020 Oct 11 17:02:34
32,https://www.instagram.com/p/CGHBSywnvfU/,"Abang mengeluh kulitnya bermasalah sejak pakai masker. Kamu gimana? Mico kulitnya jadi kering dan gampang iritasi nihğŸ˜·.Dari pada cari info yang menyesatkan, mending langsung tanya ke ahlinya!.Kenalan yuk sama dokter @awaliafebriana spesialis kulit dan kelamin yang akan menemani Fighters ngobrol santai lewat IG Live Cofight Break: Kok Pakai Masker Bikin Jerawatan? Solusinya Apa, Dok?. Mico tunggu ya hari Minggu besok jam 16.00-17.00 WIB ğŸ¥³.#BersatuLawanCovid19 #GotongRoyong #JagaJarak #PakaiMasker #CuciTanganPakaiSabun #skincare #skincaretips #skinhealth #skinhealthy #meme",4,96,https://scontent-xsp1-2.cdninstagram.com/v/t51.2885-15/sh0.08/e35/s640x640/121099908_663275071287170_8644796179465818062_n.jpg?_nc_ht=scontent-xsp1-2.cdninstagram.com&_nc_cat=102&_nc_ohc=KwnudVnFVLgAX-mGPAU&tp=1&oh=461f1b1c0359b7b0d8453a0093e585a2&oe=5FF7163E,False,2020 Oct 09 11:39:49
33,https://www.instagram.com/p/CF6gQzEHYLP/,"â€œSemangatnya harus diubah, bukan semangat karena wajib tapi semangat kepahlawanan. Semangat untuk berkontribusi kepada ekosistem yang lebih luas.â€ - @bukik.Terima kasih kami ucapkan kepada @semuamuridsemuaguru @komunitasgurubelajar @kgbhst @kgbpekalongan @indorelawan @wardahbeauty atas kolaborasinya dalam kampanye #AnakSehatMerdekaBelajar. Juga kami ucapkan terima kasih atas wawasan dan ilmu yang mencerahkan dari Bapak @bukik, Bapak @mujib8859, Ibu @anifanind, dokter @mahrunnisafitria dan Ibu Nurul ğŸ˜Š.Tonton video lengkapnya di Youtube Channel COFIGHT ID!.#BersatuLawanCovid19 #GotongRoyong #JagaJarak #PakaiMasker #CuciTanganPakaiSabun",0,53,https://scontent-xsp1-2.cdninstagram.com/v/t51.2885-15/e15/c0.238.612.612a/120734588_253151306084078_3717514116143501808_n.jpg?_nc_ht=scontent-xsp1-2.cdninstagram.com&_nc_cat=102&_nc_ohc=477bb65Cb4cAX-dzGZ9&tp=1&oh=59ea7d4126b5f8f5d42ef0c5caf71986&oe=5FCFE1A4,True,2020 Oct 04 15:00:18
34,https://www.instagram.com/p/CF4YhVcnqbn/,"Fighters gregetan gak sih liat kondisi sekarang? Banyak banget yaa yang udah gak mengikuti protokol kesehatan.. Lihat berita juga kayaknya bikin makin pusing ğŸ˜”.Eh tapi, ada kabar baik! Mico mau ajak kakak-kakak keren semua untuk kolaborasi bareng Cofight, terutama yang udah gregetan mau berbuat baikğŸ¥³.Langsung aja cekidot bit.ly/CofightSurveyPublik.#BersatuLawanCovid19 #GotongRoyong #JagaJarak #PakaiMasker #CuciTanganPakaiSabun #idvolunteering @idvolunteering",5,89,https://scontent-xsp1-2.cdninstagram.com/v/t51.2885-15/sh0.08/e35/s640x640/120569925_2791269557866531_7511202442962238293_n.jpg?_nc_ht=scontent-xsp1-2.cdninstagram.com&_nc_cat=107&_nc_ohc=ZjgsQFP2b10AX--7-6W&tp=1&oh=e68853b539e92fb2129f0ace20d807c0&oe=5FF7207C,False,2020 Oct 03 19:14:11
35,https://www.instagram.com/p/CFqxaS_nue0/,"Masa lalu kita berkompetisi, masa kini kita berkolaborasi. Kalau pandemi gini, kita gak mungkin bisa mengandalkan satu bidang untuk bisa bangkit. .Menurut kamu, kolaborasi apa sih yang perlu jadi prioritas saat ini? Mico pengen banget diajak sama kamu ğŸ¤­.#BersatuLawanCovid19 #GotongRoyong #JagaJarak #PakaiMasker #CuciTanganPakaiSabun",15,63,https://scontent-xsp1-1.cdninstagram.com/v/t51.2885-15/e35/120197155_729893607564455_3802777973739394340_n.jpg?_nc_ht=scontent-xsp1-1.cdninstagram.com&_nc_cat=111&_nc_ohc=7ri1LsIYY6oAX_RtKEf&tp=1&oh=3fd010243450e40b85387bd1192c1aeb&oe=5FCFFEC2,True,2020 Sep 28 12:22:21
36,https://www.instagram.com/p/CE6JsO8HLaa/,"âœ¨Yuk, dengarkan opini guru kita âœ¨ Sebuah perubahan besar harus terjadi dalam sistem pendidikan Indonesia di tahun 2020, dan tidak ada yang seratus persen siap untuk menghadapinya. Sebuah adaptasi harus dilakukan, dan proses adaptasi tak pernah mudah. Mari kita dengarkan opini dalam beradaptasi dari guru kita ! #Donasi #merdekabelajar #kitabisa #murid #pendidikan #SahabatEdukasi #BelajarDariRumah #RumahBelajar #SuaraEdukasi #ShareEducation #ShareOpinion #ShareInformation #cofight #semuamuridsemuaguru #UntukSetiapAnak",6,115,https://scontent-xsp1-2.cdninstagram.com/v/t51.2885-15/sh0.08/e35/s640x640/118999033_341580693698539_7933152125771724234_n.jpg?_nc_ht=scontent-xsp1-2.cdninstagram.com&_nc_cat=107&_nc_ohc=lkcM-tEysMgAX_R3agW&tp=1&oh=260a3ee9d3f89fcdb3205cf05ced889c&oe=5FF68802,False,2020 Sep 09 15:11:41
37,https://www.instagram.com/p/CEq8ZikngxA/,"Pandemi menempatkan kita semua dalam kondisi yang tidak mudah, tak terkecuali para guru, siswa dan orang tua.Yuk bantu mereka tetap mengajar dan belajar dengan aman, walau di tengah pandemi!Anda dapat turut ambil bagian dalam aksi baik ini dengan berdonasi ke kitabisa.com/merdekabelajarCek juga Instagram @cofight_id untuk rangkaian kampanye kami bersama @semuamuridsemuaguru satu bulan ini.",2,43,https://scontent-xsp1-2.cdninstagram.com/v/t51.2885-15/e35/c0.150.540.540a/118685791_2627520824132064_268794661659240203_n.jpg?_nc_ht=scontent-xsp1-2.cdninstagram.com&_nc_cat=100&_nc_ohc=1aijYdRQSI8AX-NQTiG&tp=1&oh=f8f266b71fd570087417612dde3c43c5&oe=5FCF9717,True,2020 Sep 03 17:28:20
38,https://www.instagram.com/p/CEdGHufn1Zg/,"[YUK BELANJA SAMBIL DONASI !!]Indonesia memang sudah merdeka, tapi ternyata banyak anak-anak yang belum merdeka belajar, apalagi di masa adaptasi kebiasaan baru. Banyak dari mereka yang tidak dapat melanjutkan mimpinya karena terbatasnya sumberdaya..Apakah kita mau membiarkan generasi penerus bangsa ini kalah dengan pandemi? Apakah kita mau diam saja dan menyerah dengan masa depan bangsa Indonesia?.Yuk bantu mereka tetap belajar. Dengan membeli kaos ini, 100% KEUNTUNGAN penjualan akan didonasikan bagi teman-teman di daerah 3T untuk tetap dapat melanjutkan pendidikannya. .""Bangsa yang besar adalah bangsa yang mampu membawa anakanaknya selamat melewati masa pandemi ini."" (Ikatan Dokter Anak Indonesia).Kebaikan kecil yang kamu lakukan saat ini, akan membawa dampak besar untuk Indonesia di hari depan. Kalau bukan dari kita yang memulai, siapa lagi ? ğŸ˜‰ğŸ˜‰ğŸ˜‰Informasi mengenai donasi lebih lanjut dapat diakses di kitabisa.com/merdekabelajar ğŸ¤—#anaksehatmerdekabelajar #shirt #cofight #kaoskeren #indonesiamaju",1,57,https://scontent-xsp1-2.cdninstagram.com/v/t51.2885-15/sh0.08/e35/s640x640/118346202_229436935122540_2887136866725508896_n.jpg?_nc_ht=scontent-xsp1-2.cdninstagram.com&_nc_cat=100&_nc_ohc=OJQcmFTC3OoAX_8imQf&tp=1&oh=15a1d98bb5a9fa5cd288c838f2b2dfdd&oe=5FF7408B,False,2020 Aug 29 08:22:30
39,https://www.instagram.com/p/CEbdvN6HNsw/,"âœ¨Apakah Kita Sudah Siap Adaptasi Kebiasaan Baru? âœ¨ Dear cofighters, bagi yang belum bisa menghadiri diskusi daring #AnakSehatMerdekaBelajar, post ini tepat banget untukmu ! Penasaran tentang diskusinya yuk tonton di channel youtube COFIGHT ID #murid #pendidikan #SahabatEdukasi #BelajarDariRumah #RumahBelajar #SuaraEdukasi #ShareEducation #ShareOpinion #ShareInformation #cofight #semuamuridsemuaguru #UntukSetiapAnak",0,56,https://scontent-xsp1-2.cdninstagram.com/v/t51.2885-15/sh0.08/e35/s640x640/118517266_964400787319248_2793975605059824085_n.jpg?_nc_ht=scontent-xsp1-2.cdninstagram.com&_nc_cat=100&_nc_ohc=C7Nebx7k5xEAX8p4q_m&tp=1&oh=b2c8ced5ee79fbef1717f1049a0586e8&oe=5FF8F9AB,False,2020 Aug 28 17:10:24
40,https://www.instagram.com/p/CEWndZSnkM0/,"We're now open for you to contribute more!Kami berusaha mengulurkan tangan untuk mereka yang masih berjuang di garis terdepan. Karna pandemi butuh orang orang baik untuk saling bergandengan. Kamukah orangnya?Bekerjasama dengan 10 puskesmas dari 3 provinsi yaitu DIY, Jawa Tengah, dan Jawa Timur, kami mendampingi pelaku isolasi mandiri dan populasi rentan. Pendampingan dilakukan via daring dengan memanfaatkan media telekomunikasi. Oleh karenanya kegiatan ini aman untukmu yang ingin berkontribusi dengan #tetapdirumahajaMenariknyaaa, selain berkontribusi dalam penanganan pandemi, disini kamu juga bisa menemukan keluarga baru dari berbagai latar belakang profesi lhooSo, are you ready to be a cofighter?Please click bit.ly/volunteercofightCP: Ulla (087858318325), Dicha (081225142423)",11,80,https://scontent-xsp1-2.cdninstagram.com/v/t51.2885-15/sh0.08/e35/s640x640/118558484_364965334508188_1458414148794936506_n.jpg?_nc_ht=scontent-xsp1-2.cdninstagram.com&_nc_cat=104&_nc_ohc=uKtu0-idbLcAX9lbFNP&tp=1&oh=b1b8b6125f713b4ebff3990a31e15960&oe=5FF5407B,False,2020 Aug 26 19:59:08
41,https://www.instagram.com/p/CERKDxQHZkn/,"[ONLINE DISCUSSION DAPAT DITONTON ULANG]Dengan terselenggarakannya diskusi online Sabtu kemarin, kami mengucapkan terimakasih kepada partner kami @indorelawan dan @semuamuridsemuaguru dan sponsor kami Wardah. Serta kepada narasumber yang sudah memberikan cerita dan inpirasi yang luar biasa menarik, dan kerja keras panitia. Silahkan menonton kembali di channel youtube kami: COFIGHT ID. Semoga diskusi ini membawa manfaat bagi kita semua. Terutama untuk majunya pendidikan dan kesehatan Indonesia.Ikuti terus rangkaian #AnakSehatMerdekaBelajar kami #merdekabelajar #murid #pendidikan #SahabatEdukasi #BelajarDariRumah #RumahBelajar #SuaraEdukasi #ShareEducation #ShareOpinion #ShareInformation #cofight #semuamuridsemuaguru #UntukSetiapAnak",2,69,https://scontent-xsp1-1.cdninstagram.com/v/t51.2885-15/sh0.08/e35/s640x640/118116199_324282485432627_878666401831810898_n.jpg?_nc_ht=scontent-xsp1-1.cdninstagram.com&_nc_cat=111&_nc_ohc=wYjCLYVpVvsAX89mdo7&tp=1&oh=0f7b08309aa94801a565737d8b0b1a5e&oe=5FF7DA76,False,2020 Aug 24 17:06:02
42,https://www.instagram.com/p/CEEM3OcH9A_/,"[ONLINE DISCUSSION] COFIGHT bekerjasama dengan @semuamuridsemuaguru dan @indorelawan mempersembahkan diskusi publik dengan tema ""Anak Sehat Merdeka Belajar"" yang akan dilaksanakan pada:Hari/Tanggal: Sabtu, 22 Agustus 2020Jam: 15.00-17.00Dengan narasumber yang inspiratif dan ahli dibidangnya, kami mengajak para pejuang pendidikan untuk berbagi pengalamannya dalam mengahadapi tantangan belajar mengajar dan metode inovatifnya, serta memberikan edukasi dari aspek kesehatan bagi anak, guru dan orangtua murid.Melalui acara ini, kami juga akan menggalang donasi untuk sekolah-sekolah di daerah 3T (Terluar, lupa, lupa).Donasi melalui: kitabisa.com/merdekabelajarDiskusi terbuka untuk umum. Pendaftaran dapat dilakukan melalui link: bit.ly/RegistrasiOnlineDiscussion dan dapat disaksikan di Youtube Live Cofight Indonesia#anaksehatmerdekabelajar",1,90,https://scontent-xsp1-1.cdninstagram.com/v/t51.2885-15/sh0.08/e35/s640x640/117883760_152769559778595_7057956985462794344_n.jpg?_nc_ht=scontent-xsp1-1.cdninstagram.com&_nc_cat=103&_nc_ohc=_5TyRQHIskYAX-Iz3Oy&tp=1&oh=a20ec436f1cbbf185cdf157ba3e6d8bc&oe=5FF6DFF5,False,2020 Aug 19 16:20:24
43,https://www.instagram.com/p/CEBp4JHHe3y/,"ğŸ“¢ PENGUMUMAN CHALLENGE,  AYO MERAPAT ğŸ“¢Here comes the date! Ayo sebarkan isu pendidikan di era adaptasi new normal dengan mengikuti challenge #anaksehatmerdekabelajar! For any movement, it must starts with a small action ğŸ€#merdekabelajar #murid #pendidikan #SahabatEdukasi #BelajarDariRumah #RumahBelajar #SahabatEdukasi #ShareEducation #ShareOpiniom #ShareInformation #cofight #semuamuridsemuaguru #untuksemuaanak",0,57,https://scontent-xsp1-2.cdninstagram.com/v/t51.2885-15/sh0.08/e35/s640x640/117730374_305100374038825_7609866521168355858_n.jpg?_nc_ht=scontent-xsp1-2.cdninstagram.com&_nc_cat=101&_nc_ohc=vM0GS6rUlRsAX8xQxpk&tp=1&oh=1227b0315d4639f0cf250f9d24b88ff9&oe=5FF637C7,False,2020 Aug 18 16:36:13
44,https://www.instagram.com/p/CEAuLKEncdF/,"âœ¨Kenalan lagi, yuk âœ¨ Halo, cofighters! Sambil menikmati pagi yang cerah ini kenalan yuk, dengan narasumber online discussion kita! Jangan lupa daftar di : https://bit.ly/RegisterOnlineDiscussionAtau klik link di bio kami âš¡ï¸#merdekabelajar #murid #pendidikan #SahabatEdukasi #BelajarDariRumah #RumahBelajar #SuaraEdukasi #ShareEducation #ShareOpinion #ShareInformation #cofight #semuamuridsemuaguru #UntukSetiapAnak",0,80,https://scontent-xsp1-2.cdninstagram.com/v/t51.2885-15/sh0.08/e35/s640x640/117864943_3354468224584730_7798393617287151416_n.jpg?_nc_ht=scontent-xsp1-2.cdninstagram.com&_nc_cat=102&_nc_ohc=EXxP5bXoQp8AX8Pe2pe&tp=1&oh=b1e61fc77e2b9173ab60e59d34500d08&oe=5FF823BB,False,2020 Aug 18 07:54:31
45,https://www.instagram.com/p/CD8fE46H6FM/,"âœ¨Kenalan dulu, yuk âœ¨ Happy Sunday, cofighters! Sambil menikmati senja di hari Minggu, kenalan dulu yuk, dengan narasumber online discussion kita Anak Sehat Merdeka Belajar dari bidang tenaga kependidikan!Segera daftar di : https://bit.ly/RegisterOnlineDiscussionAtau klik link di bio kami âš¡ï¸#merdekabelajar #murid #pendidikan #SahabatEdukasi #BelajarDariRumah #RumahBelajar #SuaraEdukasi #ShareEducation #ShareOpinion #ShareInformation #cofight #semuamuridsemuaguru #UntukSetiapAnak",0,81,https://scontent-xsp1-1.cdninstagram.com/v/t51.2885-15/sh0.08/e35/s640x640/117425962_613883215978208_1231062757798633776_n.jpg?_nc_ht=scontent-xsp1-1.cdninstagram.com&_nc_cat=108&_nc_ohc=ha0ee41LK6UAX_hBpXM&tp=1&oh=308a76d33251668bd838763034e5c3a4&oe=5FF5FA4C,False,2020 Aug 16 16:25:38
46,https://www.instagram.com/p/CD54G64HgPT/,"ğŸ“¢ PENGUMUMAN ONLINE DISCUSSION, COFIGHTERS MASUK MERAPAT ğŸ“¢Buah kedondong buah manggis Di tengah tengah buah delimaDear cofighter ganteng dan manis Mari kita berdiskusi bersama Cofighters, persiapkan diri karena ada diskusi online #AnakSehatMerdekaBelajar yang pastinya bermanfaat dan menarik! Stay tune terus, ya! @idvolunteering#merdekabelajar #murid #pendidikan #SahabatEdukasi #BelajarDariRumah #RumahBelajar #SuaraEdukasi #ShareEducation #ShareOpinion #ShareInformation #cofight #semuamuridsemuaguru #UntukSetiapAnak #idvolunteering",3,84,https://scontent-xsp1-1.cdninstagram.com/v/t51.2885-15/sh0.08/e35/s640x640/117821328_749143079178353_680402097643963304_n.jpg?_nc_ht=scontent-xsp1-1.cdninstagram.com&_nc_cat=105&_nc_ohc=vzkKYCPHkN8AX8yGEyL&tp=1&oh=26be494b2dca66829f224b29115bba9b&oe=5FF7A86F,False,2020 Aug 15 16:06:39
47,https://www.instagram.com/p/CD3froKHQO6/,"ğŸ“¢ WALI MURID BERSUARA ğŸ“¢Wali murid, orang tua, tak bisa dipungkiri menjadi superhero di masa pandemi ini.. Dalam pembelajaran daring, orang tua tak hanya menjadi pendamping, tetapi juga menjadi teknisi, penyedia finansial, penyemangat, dan tak jarang juga menjadi pawang suasana hati anak âš¡ï¸ Lantas bagaimana cofighter parents menghadang segala rintangan selama kegiatan belajar mengajar di rumah? Yuk simak, opini mereka! Tulis juga pengalaman anda di kolom komentar yaa! #murid #pendidikan #SahabatEdukasi #BelajarDariRumah #RumahBelajar #SuaraEdukasi #ShareEducation #ShareOpinion #ShareInformation #cofight #semuamuridsemuaguru #UntukSetiapAnak",1,51,https://scontent-xsp1-1.cdninstagram.com/v/t51.2885-15/sh0.08/e35/s640x640/117574342_661071714504195_3637792064403277394_n.jpg?_nc_ht=scontent-xsp1-1.cdninstagram.com&_nc_cat=103&_nc_ohc=DxGX6uEFVwQAX8mXnAT&tp=1&oh=dbf74e7c2fab0fe2a744167d268bb377&oe=5FF54C53,False,2020 Aug 14 17:54:43
48,https://www.instagram.com/p/CD0nl7gnHx6/,"âœ¨Mari Bantu Mereka Belajarâœ¨Setiap anak berhak atas pendidikan. Namun, pandemi mengharuskan sekolah melakukan model pembelajaran jarak jauh. Tidak peduli anak kita tinggal di ibu kota ataupun di pelosok desa, semua ikut terkena dampak wabah ini.Bantu kami, Collaborate to Fight Covid-19 (Cofight) dan Semua Murid Semua Guru, untuk mengirimkan dukungan yang terdiri dari: hard disk berisi materi pembelajaran, masker, hand sanitizer, face shield dan alat pelindung diri lainnya, ke 10 sekolah dengan kendala serupa.Yuk, dukung terus generasi penerus bangsa agar tetap sehat dan #MerdekaBelajar dengan berdonasi via kitabisa : kitabisa.com/merdekabelajar â€œKarena kami percaya, bangsa yang besar adalah bangsa yang bisa melindungi anak-anaknya agar selamat melewati masa pandemi ini.â€#Donasi #merdekabelajar #kitabisa #murid #pendidikan #SahabatEdukasi #BelajarDariRumah #RumahBelajar #SuaraEdukasi #ShareEducation #ShareOpinion #ShareInformation #cofight #semuamuridsemuaguru #UntukSetiapAnak",0,53,https://scontent-xsp1-2.cdninstagram.com/v/t51.2885-15/sh0.08/e35/s640x640/117304240_744190146416649_8506133504089543701_n.jpg?_nc_ht=scontent-xsp1-2.cdninstagram.com&_nc_cat=109&_nc_ohc=jz1tLtmglaUAX8munO-&tp=1&oh=07a95cd16ba41df18d0e11097180bc31&oe=5FF5E92C,False,2020 Aug 13 15:06:08
49,https://www.instagram.com/p/CDtHzmwnM14/,"ğŸ’¥ Dengarkan opini murid kita, yuk! ğŸ’¥Saat pandemi menyerbu tanah indonesiaPendidikan tak pelak terkena dampaknyaPembelajaran daring jauh dari kata sempurnaMaka izinkan kami berpendapat bersamaPembelajaran daring dan juga pembelajaran masa adaptasi kebiasaan baru menjadi suatu pembelajaran bagi berbagai pihak, termasuk pula pembelajaran bagi siswa.. Bak kue lapis terdapat pembelajaran di dalam pembelajaran.. Yuk, kita simak pengalaman dan pendapat murid Indonesia mengenai masa Kegiatan Belajar Mengajar di era adaptasi ! Siapa tahu kamu merasakan hal yang sama? Comment di bawah ya! #murid #pendidikan #SahabatEdukasi #BelajarDariRumah #RumahBelajar #SuaraEdukasi #ShareEducation #ShareOpinion #ShareInformation #cofight #semuamuridsemuaguru #UntukSetiapAnak",0,110,https://scontent-xsp1-2.cdninstagram.com/v/t51.2885-15/sh0.08/e35/s640x640/117167555_329216874938533_6498006102022093676_n.jpg?_nc_ht=scontent-xsp1-2.cdninstagram.com&_nc_cat=101&_nc_ohc=W_QR5eTTpFEAX8oZQAR&tp=1&oh=ecdf7d645f066ae595e780a7d3e764b5&oe=5FF520EE,False,2020 Aug 10 17:13:41
50,https://www.instagram.com/p/CDlXV8JnQl9/,"ğŸ’¥ Ssst Ada Kunci Jawaban lagi ! ğŸ’¥Cofighters, admin ganteng ini ingin berterima kasih atas semangat cofighters dalam menjawab instastory kemarin, luar biasa! âš¡ï¸Berikut facts of the day yang menjawab pertanyaan â€œApakah Pandemi Covid-19 mempengaruhi penanganan abak tindak kekerasan?â€ Hayoo, pasti pada penasaran kan bener apa salah jawabannya? Yuk merapat, simak, dan share Facts of The Day satu ini ke teman dan sanak saudara ! #Campaign #AnakSehat #MerdekaBelajar #DirgahayuRI #Pendidikan #Covid19 #Kampanye #Cofight #SemuaMuridSemuaGuru #Indorelawan #SiapAdaptasi #UntukSetiapAnak #AnakTerlindungiIndonesiaMaju",0,66,https://scontent-xsp1-2.cdninstagram.com/v/t51.2885-15/sh0.08/e35/s640x640/116862460_655877258359142_7078328791085227935_n.jpg?_nc_ht=scontent-xsp1-2.cdninstagram.com&_nc_cat=102&_nc_ohc=JlJ9YCHsnWYAX9E1PIG&tp=1&oh=b5d7e2a72ffb6a682ac92c57ca1bfefa&oe=5FF906B3,False,2020 Aug 07 16:55:31
51,https://www.instagram.com/p/CDgbjf_n358/,"ğŸ“¢ Apa Kata Guru Indonesia Mengenai Pengalaman Pendidikan di Masa Pandemi? ğŸ“¢ Halo cofighters, KBM selamat masa darurat penyebaran Covid-19 menjadi suatu kebiasaan yang baru bagi semua pihak dalam bidang pendidikan.. âš¡ï¸Regulasi, protokol dan teori telah didapatkan, namun bagaimana kondisi terkini di dalam masyarakat?âš¡ï¸Berikut adalah testimoni guru Indonesia mengenai proses KBM di masa darurat penyebaran Covid-19.. Yuk simak bersama ! #Campaign #AnakSehat #MerdekaBelajar #DirgahayuRI #Pendidikan #Covid19 #Kampanye #Cofight #SemuaMuridSemuaGuru #Indorelawan #SiapAdaptasi #UntukSetiapAnak #AnakTerlindungiIndonesiaMaju",0,56,https://scontent-xsp1-1.cdninstagram.com/v/t51.2885-15/sh0.08/e35/s640x640/115796050_297250291339738_5482161121795422935_n.jpg?_nc_ht=scontent-xsp1-1.cdninstagram.com&_nc_cat=110&_nc_ohc=P1EgyvLDSJYAX8yKbxY&tp=1&oh=d1c574ca72ab8490d0834ff3d975dad3&oe=5FF5D70A,False,2020 Aug 05 18:56:08
52,https://www.instagram.com/p/CDgJ1M9H_Hz/,"ğŸ“¢ Apa Kata Guru Indonesia Mengenai Pengalaman Pendidikan di Masa Pandemi? ğŸ“¢ Halo cofighters, KBM selamat masa darurat penyebaran Covid-19 menjadi suatu kebiasaan yang baru bagi semua pihak dalam bidang pendidikan.. âš¡ï¸Regulasi, protokol dan teori telah didapatkan, namun bagaimana kondisi terkini di dalam masyarakat?âš¡ï¸Berikut adalah testimoni guru Indonesia mengenai proses KBM di masa darurat penyebaran Covid-19.. Yuk simak bersama ! #Campaign #AnakSehat #MerdekaBelajar #DirgahayuRI #Pendidikan #Covid19 #Kampanye #Cofight #SemuaMuridSemuaGuru #Indorelawan #SiapAdaptasi #UntukSetiapAnak #anakterlindungiindonesiamaju",0,59,https://scontent-xsp1-2.cdninstagram.com/v/t51.2885-15/sh0.08/e35/s640x640/116724880_188455479360888_6685577261544320915_n.jpg?_nc_ht=scontent-xsp1-2.cdninstagram.com&_nc_cat=100&_nc_ohc=xCO5RTTCllIAX-5OJYT&tp=1&oh=8b05c5e6ee2a0a4012430b158f1c43b5&oe=5FF6DE83,False,2020 Aug 05 16:21:15
53,https://www.instagram.com/p/CDf-SDBH8K4/,"ğŸ“¢ Apa Kata Guru Indonesia Mengenai Pengalaman Pendidikan di Masa Pandemi? ğŸ“¢ Halo cofighters, KBM selamat masa darurat penyebaran Covid-19 menjadi suatu kebiasaan yang baru bagi semua pihak dalam bidang pendidikan.. âš¡ï¸Regulasi, protokol dan teori telah didapatkan, namun bagaimana kondisi terkini di dalam masyarakat?âš¡ï¸Berikut adalah testimoni guru Indonesia mengenai proses KBM di masa darurat penyebaran Covid-19.. Yuk simak bersama ! #Campaign #AnakSehat #MerdekaBelajar #DirgahayuRI #Pendidikan #Covid19 #Kampanye #Cofight #SemuaMuridSemuaGuru #Indorelawan #SiapAdaptasi #UntukSetiapAnak #anakterlindungiindonesiamaju",0,77,https://scontent-xsp1-2.cdninstagram.com/v/t51.2885-15/sh0.08/e35/s640x640/116590043_987714918323959_4209030710542578277_n.jpg?_nc_ht=scontent-xsp1-2.cdninstagram.com&_nc_cat=107&_nc_ohc=fKaKUXy1EkkAX_i7d_E&tp=1&oh=04aa2c6d3309c90c23f68e9795b61505&oe=5FF65D54,False,2020 Aug 05 14:40:20
54,https://www.instagram.com/p/CDa__6UnWAg/,"âœ¨Hai, ada bocoran kunci jawaban Lho! âœ¨ Halo cofighters âš¡ï¸ ada bocoran kunci jawaban dari kuis kemarin lho! Hayo siapa yang bernyali untuk ikuut menjawaab? Admin acungkan jempol ğŸ‘ğŸ½ğŸ‘ğŸ½Jadi, kira kira apakah kemedikbud sudah menerbitkan pedoman penyelenggaraan belajar dari rumah dalam masa darurat penyebaran covid-19? Sudah atau belumm? Penasarann? yuk, simak Facts of the day campaign Anak Sehat Merdeka Belajar yang satu ini dan share ke teman teman dan keluarga juga ! âš¡ï¸Bersama ayo berjuang untuk kemerdekaan belajar insan bangsa âš¡ï¸#Campaign #AnakSehat #MerdekaBelajar #DirgahayuRI #Pendidikan #Covid19 #Kampanye #Cofight #SemuaMuridSemuaGuru #Indorelawan #SiapAdaptasi #UntukSetiapAnak #AnakTerlindungiIndonesiaMaju",2,81,https://scontent-xsp1-1.cdninstagram.com/v/t51.2885-15/sh0.08/e35/c0.0.1078.1078a/s640x640/116963985_980682239027156_2791209978258675411_n.jpg?_nc_ht=scontent-xsp1-1.cdninstagram.com&_nc_cat=108&_nc_ohc=XF4rp56_-_gAX-sFRAB&tp=1&oh=d69e8225214582e6774ffebb28826250&oe=5FF7DEC5,False,2020 Aug 03 16:19:08
55,https://www.instagram.com/p/CDXrstkH1tY/,"ğŸ“¢Cofighters, Jadwal Campaign Sudah Keluar! ğŸ“¢Minggu Pagi di hari yang cerah Lari pagi bersama teman temanAdmin ganteng tersenyum sumringah Jadwal kampanye siap dilaksanakanHalo cofighters, dan campaigners! Siapkan nyali jiwa dan raga untuk berkampanye bersama âš¡ï¸âš¡ï¸ dalam acara kampanye : âœ¨âœ¨Anak Sehat Merdeka Belajarâœ¨âœ¨Swipe left untuk Jadwal Kegiatan kita ya! Jangan sampai kelewatan! See you !#Campaign #AnakSehat #MerdekaBelajar #DirgahayuRI #Pendidikan #Covid19 #Kampanye #Cofight #SemuaMuridSemuaGuru #Indorelawan #SiapAdaptasi #UntukSetiapAnak #anakterlindungiindonesiamaju",0,90,https://scontent-xsp1-1.cdninstagram.com/v/t51.2885-15/sh0.08/e35/s640x640/116356201_118846726579301_157612942427012839_n.jpg?_nc_ht=scontent-xsp1-1.cdninstagram.com&_nc_cat=105&_nc_ohc=rsgxF7CXGksAX-6rsT6&tp=1&oh=ac315123cf97f3f55a47f8f9fc715ff0&oe=5FF81582,False,2020 Aug 02 09:24:02
56,https://www.instagram.com/p/CDL3zLxHiPR/,"ğŸ“£ğŸ“£ YUK JADI BAGIAN DARI CAMPAIGN KAMI ğŸ“£ğŸ“£â €HaloÂ orang-orang baik! ğŸ’• Kami percaya kalian yang memilikiÂ keinginan berbuatÂ baik, menyempatkan diri mencari peluang untukÂ menjadi relawan, hingga akhirnya sampai membaca tulisan ini pasti adalah orang-orang baik yang sedang Indonesia butuhkan di masa pandemi ini! â €Menjalani masa pandemiÂ bukanlah hal yang mudah.Â Lebih lagi ketika menginjak masa transisi menuju kebiasaan baru ini,Â masa dimana sebagian besar orangÂ mungkin merasa lelah dan ingin menyerah. Itu hal yang wajar, tapi hei,Â kamu tidak sendiri, dari pada nyerah, yuk ikut berkiprah!ğŸ™ŒğŸ½â €âš¡ï¸COFIGHT âš¡ï¸mengajak kalian para pegiat pendidikan untuk turut serta bergabung dalam rangkaian kegiatanÂ Campaign #AnakSehatMerdekaBelajar !Kegiatan ini diinisasi sebagai respon atas keresahan melihat kesenjangan yang dialami rakyat Indonesia, khususnya di sektor pendidikan. â €Tidak semua siswa dan guru memiliki sumber daya yang sama dalam mengakses pendidikan. Bagi sebagian orang, online meeting dapat dengan mudah menjadi pengganti keberadaan sekolah, namun ternyata bagi saudara kita di beberapa tempat pendidikan menjadi hal yang sungguh sulit diakses.Â â €Yuk gabung dalam rangkaian kegiatan social media campaign COFIGHT x SemuaMuridSemuaGuru x Indorelawan ini dengan menjadi penyebar informasi terpercaya ke komunitas pendidikan yang kamu kenal! â €Ayo, Segera daftar di alamat ini âš¡ï¸ : bit.ly/anaksehatmerdekabelajar@idvolunteering#AnakSehatMerdekaBelajar #AjakanKampanye #Pendidikan #AnakIndonesia #indorelawan #SemuaMuridSemuaGuru #Murid #Guru #idvolunteering #relawan #aksisosial #sekolahonline",6,95,https://scontent-xsp1-1.cdninstagram.com/v/t51.2885-15/sh0.08/e35/s640x640/116795718_999043750550219_605517066278172514_n.jpg?_nc_ht=scontent-xsp1-1.cdninstagram.com&_nc_cat=111&_nc_ohc=cGIvJZ-antQAX-yVk_C&tp=1&oh=50d88126f5972af4189e0dacd99062a2&oe=5FF78E25,False,2020 Jul 28 19:18:53
57,https://www.instagram.com/p/CC5_j2LntXc/,"Dalam era adaptasi kebiasaan baru, banyak kegiatan di luar ruangan yang mulai dapat dilakukan dengan tetap mengikuti protokol kesehatan. Salah satunya adalah bersepeda. Tingginya minat masyarakat dalam olahraga satu ini ditandai dengan melonjaknya penjualan sepeda di era pandemi. Oleh karena itu, hal tersebut harus diikuti dengan pemahaman masyarakat mengenai protokol kesehatan yang wajib dilakukan selama bersepeda.  Berikut tips berpeda yang aman di masa adaptasi kebiasaan baru yang kami sadur dari berbagai sumber dengan modifikasi.#cofight#kawalnewnormal",0,81,https://scontent-xsp1-2.cdninstagram.com/v/t51.2885-15/sh0.08/e35/s640x640/110229064_202400134539018_8531014638106272350_n.jpg?_nc_ht=scontent-xsp1-2.cdninstagram.com&_nc_cat=106&_nc_ohc=Coztia3eJ80AX9SHz_F&tp=1&oh=8a28e59d9ce6f2f8a86986f936396d87&oe=5FF7A71D,False,2020 Jul 21 20:40:22
58,https://www.instagram.com/p/CCx2ZyOH8l1/,"Terimakasih kepada 1700an peserta yang sudah mengikuti Webinar #4 Cofight ""Embracing New Normal in Mental Health: Overcoming Anxiety"" Webinar ini tidak akan terselenggara tanpa partner kami @alumnifkugm2000 , @inahealth , PD SKJI Jogja dan sponsor kami Mersifarma. Terima kasih juga kepada seluruh peserta yang sudah berdonasi, pembicara yang sudah memberikan presentasi yang luar biasa menarik, dan kerja keras panitia. Untuk slide presentasi tidak akan kami bagikan, jadi silahkan menonton kembali di channel youtube: Inahealth. Semoga webinar ini membawa manfaat bagi kita semua. Bagi yang memenuhi syarat, sertifikat akan diemailkan dalam 30 hari, silahkan ditunggu. Sampai bertemu lagi!",3,203,https://scontent-xsp1-1.cdninstagram.com/v/t51.2885-15/sh0.08/e35/s640x640/115495950_303602950762383_6718621552924355109_n.jpg?_nc_ht=scontent-xsp1-1.cdninstagram.com&_nc_cat=103&_nc_ohc=uRtPmNJd4WsAX9NP3IX&tp=1&oh=e166d313f3331d28b44efdc7741a1eb4&oe=5FF57829,False,2020 Jul 18 16:46:25
59,https://www.instagram.com/p/CCvoA1QnAiU/,[REMINDER #WEBINAR 4]Halo cofighters! Jangan lupa besok kita bertemu di webinar ke 4 kita ya!See you tomorrow!!#seminarkesehatan#seminarkesehatanonline#webinar2020#kesehatanmental#psikiater#mahasiswakesehatan#masak#IDI,6,64,https://scontent-xsp1-2.cdninstagram.com/v/t51.2885-15/sh0.08/e35/c1.0.1438.1438a/s640x640/109255272_402365204056089_6526206814257146912_n.jpg?_nc_ht=scontent-xsp1-2.cdninstagram.com&_nc_cat=109&_nc_ohc=Pr3QpjLfn10AX8oZkOy&tp=1&oh=f5e567c50a69329076d5bd4f0d9f1a0f&oe=5FF7FBD3,False,2020 Jul 17 20:02:12
60,https://www.instagram.com/p/CCvFEl9nkPQ/,"[INFO WEBINAR #4] Mohon maaf, form pendaftaran kami sempat mengalami gangguan. Untuk itu, silahkan mengklik link yang ada di bio. Waktu pendaftaran akan kami perpanjang hingga pukul 17.00. Terima kasih atas perhatiannya.",0,28,https://scontent-xsp1-2.cdninstagram.com/v/t51.2885-15/sh0.08/e35/s640x640/106903468_148129100203574_1716104388975724313_n.jpg?_nc_ht=scontent-xsp1-2.cdninstagram.com&_nc_cat=102&_nc_ohc=173YM-6io_kAX8dg1D_&tp=1&oh=8f9a5b1c1b3a1d19c37b5967d7dd33dc&oe=5FF70A6F,False,2020 Jul 17 14:56:53
61,https://www.instagram.com/p/CCs7skHH5gb/,"[REMINDER WEBINAR #4]Pendaftaran webinar #4 masih dibuka hingga besok pukul 12.00 WIB.Webinar COFIGHT kali ini bekerja sama dengan Duri Lunak (@alumnifkugm2000), Inahealth, dan PD SKJI serta disponsori oleh Mersifarma.Jangan lupa daftarkan dirimu dalam Webinar #4 Cofight: Embracing New Normal in Pediatric Care Practice. Pendaftaran dapat dilakukan di link tiny.cc/webinarcofight4Kami tunggu partisipasi kalian!ğŸ˜#seminarkesehatan#seminarkesehatanonline#webinar2020#kesehatanmental#psikiater#mahasiswakesehatan#masak#IDI",0,43,https://scontent-xsp1-1.cdninstagram.com/v/t51.2885-15/sh0.08/e35/c1.0.1438.1438a/s640x640/106772976_272612514030005_5333484550001498524_n.jpg?_nc_ht=scontent-xsp1-1.cdninstagram.com&_nc_cat=105&_nc_ohc=Y4F-G0qSdKsAX9L6ylJ&tp=1&oh=ee1131354af5ae6afbc1160bb69bae2d&oe=5FF620BF,False,2020 Jul 16 18:56:29
62,https://www.instagram.com/p/CCs7iqln70_/,"[REMINDER WEBINAR #4]Pendaftaran webinar #4 masih dibuka hingga besok pukul 12.00 WIB.Webinar COFIGHT kali ini bekerja sama dengan Duri Lunak (@alumnifkugm2000), Inahealth, dan PD SKJI serta disponsori oleh Mersifarma.Jangan lupa daftarkan dirimu dalam Webinar #4 Cofight: Embracing New Normal in Pediatric Care Practice. Pendaftaran dapat dilakukan di link tiny.cc/webinarcofight4Kami tunggu partisipasi kalian!ğŸ˜#seminarkesehatan#seminarkesehatanonline#webinar2020#kesehatanmental#psikiater#mahasiswakesehatan#masak#IDI",6,80,https://scontent-xsp1-2.cdninstagram.com/v/t51.2885-15/sh0.08/e35/s640x640/108112690_271665804112182_4014075907792380181_n.jpg?_nc_ht=scontent-xsp1-2.cdninstagram.com&_nc_cat=106&_nc_ohc=0tsUa_j00xMAX_JKS4C&tp=1&oh=b020e25dab3a693ae73c0299ad47b178&oe=5FF6524F,False,2020 Jul 16 18:55:07
63,https://www.instagram.com/p/CCqTjfXHWp1/,"[FAQ WEBINAR #4] Yuk disimak pertanyaan-pertanyaan yang paling umum ditanyakan tentang webinar cofight. Kalau masih ada pertanyaan lain, JANGAN CEMAS! Silahkan hubungi CP yang tertera. Sudah H-2 tutup pendaftaran, jangan sampai ketinggalan ya! Kami tunggu partisipasinya ğŸ˜„#seminarkesehatan#seminarkesehatanonline#webinar2020#kesehatanmental#psikiater#mahasiswakesehatan#masak#IDI",1,100,https://scontent-xsp1-2.cdninstagram.com/v/t51.2885-15/sh0.08/e35/s640x640/108283126_177174727155775_6789230410836983225_n.jpg?_nc_ht=scontent-xsp1-2.cdninstagram.com&_nc_cat=107&_nc_ohc=Vtv_Vhk56twAX-3SjXB&tp=1&oh=93b46acac976f8aba6be9943f422516b&oe=5FF68128,False,2020 Jul 15 18:27:14
64,https://www.instagram.com/p/CCqNjzznslg/,"Seiring dengan pelonggaran PSBB, di masa transisi ini beberapa pusat kebugaran kembali dibuka. Orang orang yang sudah lama tidak dapat berolahraga di pusat kebugaran kembali dapat melakukan aktivitas olahraga di sana. Berikut beberapa hal yang harus diperhatikan apabila anda ingin melakukan olahraga di pusat kebugaran#cofight #kawalnewnormal",0,43,https://scontent-xsp1-2.cdninstagram.com/v/t51.2885-15/sh0.08/e35/s640x640/108488416_173479930822554_5486943646852233775_n.jpg?_nc_ht=scontent-xsp1-2.cdninstagram.com&_nc_cat=106&_nc_ohc=9jjHgEQK16oAX8qp8mU&tp=1&oh=0b8fb52baef4b06cb0fd3f75ad1f280f&oe=5FF61B5D,False,2020 Jul 15 17:34:51
65,https://www.instagram.com/p/CCni9mynr4D/,"Olahraga di masa pandemi ini menjadi sesuatu yang direkomendasikan untuk meningkatkan imunitas tubuh. Olahraga dapat dilakukan di rumah, luar rumah ataupun di pusat kebugara. Akan tetapi, banyak hal yang perlu dipersiapkan apabila ingin melalukan olahraga di luar rumah. Berikut tips melakukan olahraga di luar rumah yang kami sadur dari CDC#cofight #kawalnewnormal",0,68,https://scontent-xsp1-2.cdninstagram.com/v/t51.2885-15/sh0.08/e35/s640x640/107455875_146269517083513_8221539846780841220_n.jpg?_nc_ht=scontent-xsp1-2.cdninstagram.com&_nc_cat=101&_nc_ohc=vLu_srVS1G0AX_QmMmm&tp=1&oh=8d8b320537524074112d4a0ba746bf76&oe=5FF67852,False,2020 Jul 14 16:44:09
66,https://www.instagram.com/p/CCikhtHnJDb/,"[WEBINAR COFIGHT #4]Hai Cofighters!Pasti penasaran kan dengan profil pembicara dan moderator yang akan membahas lebih lanjut tentang bagaimana mengatasi kecemasan dalam era pandemi dan new normal ini kan?Mari kita simak bersama, pembicara kita pada webinar keempat ini adalah:.1. dr. Herlina Pohan, M.Sc., Sp. KJ (Psikiater RSUD Kota Yogyakarta dan RS JIH)2. dr. Salikur Kartoni, M. Biomed., Sp. KJ (Psikiater RSJ Dr. Soeharto Heerdjab Jakarta)3. Benu Buloe (Food Traveller).Dengan moderator :dr. Widea Rossi Desvita, Sp. KJ (Psikiater RS Hermina, dosen fakultas kedokteran UAD dan Owner Al-Buruuj Catering Yogyakarta).Pendaftaran dapat dilakukan melalui link tiny.cc/webinarcofight4 hingga Jumat, 17 Juli 2020 pukul 12.00 WIB..Ayo berdikusi bersama! Kami tunggu partisipasi kalian ğŸ˜#seminarkesehatan#seminarkesehatanonline#webinar2020#kesehatanmental#psikiater#mahasiswakesehatan#masak#IDI",2,85,https://scontent-xsp1-1.cdninstagram.com/v/t51.2885-15/sh0.08/e35/s640x640/107994129_720865218709532_6749025902240169894_n.jpg?_nc_ht=scontent-xsp1-1.cdninstagram.com&_nc_cat=108&_nc_ohc=VdcjJg6MZ2oAX_CM4hQ&tp=1&oh=0400dcb9eaad8e89bbdddd25dfd9ffd3&oe=5FF5EFA5,False,2020 Jul 12 18:21:37
67,https://www.instagram.com/p/CCihR6LnzkY/,"[COVID-19 : DROPLET VS AIRBORNE]Per tanggal 11 Juli 2020, WHO menyetujui bahwa SARS-CoV-2 dapat menular secara airborne. Hal ini tentunya berdampak pada protokol kesehatan yang harus diterapkan di era adaptasi kebiasaan baru, terutama pada ruang ruang tertutup. Berikut kami tampilkan rekomendasi dari WHO yang dikeluarkan pada 09 Juli 2020.#cofight #kawalnewnormal",3,119,https://scontent-xsp1-1.cdninstagram.com/v/t51.2885-15/sh0.08/e35/s640x640/107394512_3267335176642882_2670090916977030919_n.jpg?_nc_ht=scontent-xsp1-1.cdninstagram.com&_nc_cat=110&_nc_ohc=nI-8JGNgmlkAX9XVRc3&tp=1&oh=debb98c1d5ca89dbfb82170508cc65c3&oe=5FF82FD8,False,2020 Jul 12 17:53:14
68,https://www.instagram.com/p/CCgVtoPnVeJ/,"[WEBINAR COFIGHT #4]COFIGHT bekerja sama dengan Duri Lunak(@alumnifkugm2000 ), Inahealth (@inahealth ), PDSKJI (@pdskji_indonesia)dan Mersifarma kembali mempersembahkan webinar dengan topik ""EMBRACING NEW NORMAL IN MENTAL HEALTH: ART AND COOKING THERAPY"" yang akan dilaksanakan pada:Hari/Tanggal : Sabtu, 18 Juli 2020Jam : 13.00 WIBDimana akan ada 3 materi yang akan disampaikan oleh:1. dr. Herlina Pohan, M.Sc, Sp.KJ (Psikiater RSUD Kota Yogyakarta/RS JIH)2. dr. Salikur Kartono, M.Biomed., Sp.KJ (Psikiater RSJ Dr. Soeharto Heerjan Jakarta)3. Benu Buloe (Food Traveler)Dengan moderator:dr. Widea Rossi, Sp.KJ (Dosen FK UAD, Psikiater RS Hermina)Pendaftaran dapat dilakukan melalui link tiny.cc/webinarcofight4 hingga Jumat, 17 Juli 2020 pukul 12.00 WIB.Webinar kali ini terbuka untuk dokter umum, psikolog, psikiater, mahasiswa kesehatan, serta tenaga kesehatan lainnya.Sama seperti webinar sebelumnya. Webinar ini juga membuka kesempatan bagi peserta yang ingin berdonasi kepada kami untuk membantu penanganan COVID-19.Kami tunggu partisipasi kalian!#seminarkesehatan#seminarkesehatanonline#webinar2020#kesehatanmental#psikiater#mahasiswakesehatan#masak#IDI",5,132,https://scontent-xsp1-2.cdninstagram.com/v/t51.2885-15/sh0.08/e35/s640x640/107115584_681116399286247_1535133483342770903_n.jpg?_nc_ht=scontent-xsp1-2.cdninstagram.com&_nc_cat=107&_nc_ohc=ZqtTmL2maucAX-bGJFC&tp=1&oh=5f78ec2ab0541af41b7e68cdde3b62f5&oe=5FF90A63,False,2020 Jul 11 21:33:41
69,https://www.instagram.com/p/CCf8fO9Hw2R/,"[SHARING RELAWAN]DARI : Puskesmas Pandak 1Saat saya bertanya, â€œIbu kemarin sampai di Pandak tanggal berapa?â€Beliau menjawab,â€Saya ga dari mana-mana mbak dari dulu sudah di Pandak.â€Saya pun bingung karena seharusnya saya diminta untuk memantau PP (Pelaku Perjalanan). Akan tetapi mengapa beliau tidak melakukan perjalanan?Ternyata setelah dikulik lebih dalam, suaminya lah yang melakukan perjalanan dari Surabaya ke Pandak malam sebelum lebaran, lalu langsung kembali ke Surabaya di hari pertama Lebaran.â€œSaya dan suami sudah lama LDM (Long Distance Marriage), Mbak. Biasanya dua minggu sekali dia pulang, tapi baru kali ini sudah sebulan belum pulang. Saya kangen, Mbak. Gara-gara suami saya memaksakan diri untuk pulang, akhirnya anak-anak saya malam itu langsung diungsikan ke rumah saudara. Jadilah saya sekarang harus dikarantina mandiri selama 14 hari di rumah.â€Saya pun mengangguk, tanda paham mengapa Ibu ini menjadi salah satu responden pantauan saya.â€œSetiap hari saya stress, Mbak. Saya tidak berani keluar kamar. Latar (halaman) rumah saya kumuh kareana tidak disapu. Saya stress, Mbak. Bolehkah waktu karantina mandiri ini dipotong tidak sampai 14 hari?â€Andai saya bisa bernegosiasi dengan virusnya, pasti sudah saya perbolehkan Bu.Setelah saya mengedukasi beliau mengenai cara karantina mandiri 14 hari dan bahwa tidak mengapa keluar kamar bahkan menyapu halaman rumah, beliau pun akhirnya berani untuk keluar kamar, duduk- di rumah tamu dan menikmati sinar matahari.Setelah 14 hari berlalu saya pun berpamitan dengan responden. Beliau berujar, â€œTerima kasih ya, Mbak, saya sudah dipantau selama 14 hari. Saya senang ada teman bercerita. Biasanya saudara dan teman hanya mengantar makanan ditaruh di depan rumah lalu pulang. Seusai karantina ini anak saya ulang tahun, saya mau merayakan dengan makan-makan di rumah. Saya mengundang mbaknya untuk ikut juga.â€â€œTerima kasih, Bu undangannya. Saya juga ingin hadir. Namun mohon maaf, sepertinya belum bisa karena kita semua harus menjaga jarak. Selamat ulang tahun untuk anaknya, Bu.â€",2,48,https://scontent-xsp1-2.cdninstagram.com/v/t51.2885-15/sh0.08/e35/s640x640/107309331_1467001233502747_3211626424825326753_n.jpg?_nc_ht=scontent-xsp1-2.cdninstagram.com&_nc_cat=107&_nc_ohc=GdZZxhqwtHgAX_50kaG&tp=1&oh=8bc54afb5b6b8f61714e367079d29de4&oe=5FF5D3BC,False,2020 Jul 11 17:53:16
70,https://www.instagram.com/p/CCcuw85HZOU/,"[WEBINAR COFIGHT #4]Sebagai kelanjutan dari webinar Cofight #1 sampai #3, maka kami sudah mempersiapkan webinar Cofight #4 dengan tema ""Embracing New Normal in Mental Health: Overcoming Anxiety"".Tunggu info selanjutnya ya!",2,104,https://scontent-xsp1-1.cdninstagram.com/v/t51.2885-15/sh0.08/e35/c0.0.1440.1440a/s640x640/107431027_367342844230522_5838707530016482579_n.jpg?_nc_ht=scontent-xsp1-1.cdninstagram.com&_nc_cat=110&_nc_ohc=Jv6bEXYBzTsAX_6rs9F&tp=1&oh=a83e34a5e084e8e60c6bee87072d8c22&oe=5FF8F07B,False,2020 Jul 10 11:55:38
71,https://www.instagram.com/p/CCSj1-BnylJ/,"[LAPORAN KINERJA]Memasuki bulan ke 4 kami membantu penanganan covid di Puskesmas secara daring. Hingga saat ini Cofight sudah bekerja sama dengan 12 puskesmas dan mengaktivasi 93 relawan dalam aktivitas pemantauan. Total 1351 PP/OTG/ODP/PDP yang sudah kami pantau selama 3 bulan terakhir. Ingat bahwa pandemi ini belum berakhir, kita harus bekerja sama untuk memerangi pandemi ini.#cofight #kawalnewnormal",0,49,https://scontent-xsp1-2.cdninstagram.com/v/t51.2885-15/sh0.08/e35/s640x640/106382019_175778077314379_6452445408972597432_n.jpg?_nc_ht=scontent-xsp1-2.cdninstagram.com&_nc_cat=107&_nc_ohc=r21-Pqj4wUMAX96ywx_&tp=1&oh=eedb30611c025489cec3a6193959db19&oe=5FF62157,False,2020 Jul 06 13:07:47
72,https://www.instagram.com/p/CCLnnceHc6g/,[SAMPAI BERTEMU!]Terima kasih kepada 2645 peserta pendaftar Webinar #3 Cofight: Embracing New Normal in Pediatric Care Practice. Youtube Live Webinar dapat diakses pada tautan https://www.youtube.com/inahealthtv atau bisa klik link di bio!ã…¤ã…¤ã…¤ã…¤Diingatkan kembali untuk mengikuti syarat-syarat dalam webinar #3 Cofight agar dapat mendapatkan sertifikat ya! Sampai bertemu besok pukul 15.15 WIB!â˜ºï¸â˜ºï¸,16,82,https://scontent-xsp1-1.cdninstagram.com/v/t51.2885-15/sh0.08/e35/s640x640/106143719_284718189436205_1609754924471960551_n.jpg?_nc_ht=scontent-xsp1-1.cdninstagram.com&_nc_cat=105&_nc_ohc=549qRaqyDuEAX9A2GeW&tp=1&oh=fa50c1e321c48024dbbae0f51a02c323&oe=5FF8974D,False,2020 Jul 03 20:26:05
73,https://www.instagram.com/p/CCJNeWgHWR-/,"[WEBINAR COFIGHT #3]Webinar COFIGHT kali ini bekerja sama dengan Duri Lunak (@alumnifkugm2000) dan Inahealth serta disponsori oleh @belajarpatologi dan @k24klik. Webinar kali ini mengambil tema ""EMBRACING NEW NORMAL IN PEDIATRIC CARE PRACTICE"", di mana akan ada 2 materi yang akan disampaikan oleh:1. dr. Desy Kurniawati (Dokter umum Puskesmas Wirobrajan)2. dr. Denny Wellyam S., M.Sc., Sp.A. (Dokter spesialis anak EKA Hospital Pekanbaru)Dengan moderator:dr. Maria Silvia Merry, M.Sc. (Dosen dan peneliti FK UKDW)Pendaftaran dapat dilakukan melalui link bit.ly/daftarwebinarcofight3 hingga Jumat, 3 Juli 2020 pukul 12.00 WIB.Ayo berdikusi bersama! Kami tunggu partisipasi kalian ğŸ˜",0,46,https://scontent-xsp1-1.cdninstagram.com/v/t51.2885-15/sh0.08/e35/s640x640/106003923_4030730813666374_1145462924264722795_n.jpg?_nc_ht=scontent-xsp1-1.cdninstagram.com&_nc_cat=110&_nc_ohc=SBTd8TlT2N0AX_zdDI3&tp=1&oh=5f34af83ce940e91a2cb5c0ef5609ca1&oe=5FF57DB6,False,2020 Jul 02 21:59:10
74,https://www.instagram.com/p/CCJNO9kHpiJ/,[REMINDER WEBINAR #3]Pendaftaran webinar #3 masih dibuka hingga besok pukul 12.00 WIB.Webinar COFIGHT kali ini bekerja sama dengan Duri Lunak (@alumnifkugm2000) dan Inahealth serta disponsori oleh @belajarpatologi dan @k24klik. Jangan lupa daftarkan dirimu dalam Webinar #3 Cofight: Embracing New Normal in Pediatric Care Practice. Pendaftaran dapat dilakukan di link bit.ly/daftarwebinarcofight3 atau bisa klik link di bio.Kami tunggu partisipasi kalian!ğŸ˜,1,44,https://scontent-xsp1-2.cdninstagram.com/v/t51.2885-15/sh0.08/e35/s640x640/106206832_2666405920300363_8419219453503770584_n.jpg?_nc_ht=scontent-xsp1-2.cdninstagram.com&_nc_cat=107&_nc_ohc=YKDOZQ07KNoAX-Z6V0s&tp=1&oh=ce82a45322a6ae31044ad2f83dadd063&oe=5FF77152,False,2020 Jul 02 21:57:04
75,https://www.instagram.com/p/CCH4bomHmmm/,"[NEW NORMAL IS COMING]Sesuai dengan arahan dari 4 kementrian yang dikeluarkan pada 15 Juni 2020, di masa pandemi ini sekolah akan dibuka secara bertahap , berdasarkan status zonasi yang telah ditetapkan oleh gugus tugas. Untuk daerah zona hijau, SMP dan SMA/Sederajat diperbolehkan buka pada bulan Juli, sedangkan SD/Sederajat buka pada bulan November. Untuk membuka kembali sekolah terdapat beberapa syarat yang harus dipenuhi seperti pada postingan kami ini. #kawalnewnormal #sekolah",2,72,https://scontent-xsp1-2.cdninstagram.com/v/t51.2885-15/sh0.08/e35/s640x640/106061411_887418331734964_6092252984110737972_n.jpg?_nc_ht=scontent-xsp1-2.cdninstagram.com&_nc_cat=104&_nc_ohc=c9q78sbLRbQAX9bb6o9&tp=1&oh=fb22ca1886b4ce793cdaa88478a12d32&oe=5FF8F061,False,2020 Jul 02 09:36:03
76,https://www.instagram.com/p/CCGNYSqn_4z/,[FAQ WEBINAR #3]Berikut adalah pertanyaan yang sering ditanyakan kepada kami terkait Webinar #3. Semoga bisa menjawab dan membantu teman teman sekalian!Pendaftaran akan ditutup 2 hari lagi! Jangan lupa daftarkan dirimu dalam Webinar #3 Cofight: Embracing New Normal in Pediatric Care Practice. Pendaftaran dapat dilakukan di link bit.ly/daftarwebinarcofight3 atau bisa klik link di bio.Kami tunggu partisipasi anda!,3,95,https://scontent-xsp1-2.cdninstagram.com/v/t51.2885-15/sh0.08/e35/s640x640/105981940_693047387926548_4302527712674060925_n.jpg?_nc_ht=scontent-xsp1-2.cdninstagram.com&_nc_cat=100&_nc_ohc=SGpng8Xq844AX__vV9F&tp=1&oh=3e8128659bf3c15d5b4119afe79e4eae&oe=5FF6405E,False,2020 Jul 01 18:00:37
77,https://www.instagram.com/p/CCGNU_knK4r/,[H-2 PENUTUPAN PENDAFTARAN WEBINAR #3]KABAR GEMBIRA! SKP IDI untuk Webinar Cofight #3 sudah terkonfirmasi! Peserta webinar akan diberikan 3 SKP IDI sesuai dengan syarat dan ketentuan yang berlaku.Pendaftaran akan ditutup 2 hari lagi! Jangan lupa daftarkan dirimu dalam Webinar #3 Cofight: Embracing New Normal in Pediatric Care Practice. Pendaftaran dapat dilakukan di link bit.ly/daftarwebinarcofight3 atau bisa klik link di bio.Kami tunggu partisipasi anda!,5,63,https://scontent-xsp1-1.cdninstagram.com/v/t51.2885-15/sh0.08/e35/s640x640/105993847_725298091552359_2147005639887022324_n.jpg?_nc_ht=scontent-xsp1-1.cdninstagram.com&_nc_cat=103&_nc_ohc=Xpc5zbHb7jAAX8fy02U&tp=1&oh=8cea599646e52b8ce5b65e873eac6186&oe=5FF72848,False,2020 Jul 01 18:00:10
78,https://www.instagram.com/p/CB-mL_anyd-/,"[WEBINAR COFIGHT #3]COFIGHT bekerja sama dengan Duri Lunak dan Inahealth kembali mempersembahkan webinar dengan topik ""EMBRACING NEW NORMAL IN PEDIATRIC CARE PRACTICE"" yang akan dilaksanakan pada:Hari/Tanggal : Sabtu, 4 Juli 2020Jam : 15.15 - 17.25 WIBDimana akan ada 2 materi yang akan disampaikan oleh:1. dr. Desy Kurniawati (Dokter umum Puskesmas Wirobrajan)2. dr. Denny Wellyam S., M.Sc., Sp.A. (Dokter spesialis anak EKA Hospital Pekanbaru)Dengan moderator:dr. Maria Silvia Merry, M.Sc. (Dosen dan peneliti FK UKDW)Pendaftaran dapat dilakukan melalui link bit.ly/daftarwebinarcofight3 hingga Jumat, 3 Juli 2020 pukul 12.00 WIB.Webinar kali ini terbuka untuk dokter umum, mahasiswa kesehatan, serta tenaga kesehatan lainnya.Sama seperti webinar sebelumnya. Webinar ini juga membuka kesempatan bagi peserta yang ingin berdonasi kepada kami untuk membantu penanganan COVID-19. Kami tunggu partisipasi kalian!",20,174,https://scontent-xsp1-2.cdninstagram.com/v/t51.2885-15/sh0.08/e35/s640x640/105969641_298045791334812_3647990250482016526_n.jpg?_nc_ht=scontent-xsp1-2.cdninstagram.com&_nc_cat=100&_nc_ohc=c3gKUI3JsjYAX94RHqC&tp=1&oh=5e5c9ed6490fec9f78d86c0c13074c5a&oe=5FF5C79D,False,2020 Jun 28 19:03:28
79,https://www.instagram.com/p/CB5A5lxnt_C/,"[WEBINAR COFIGHT #3]Sebagai kelanjutan dari webinar cofight #1 dan #2 yang diadakan pada 4 dan 20 Juni 2020, maka kami telah mempersiapkan webinar cofight #3 dengan tema ""Embracing New Normal in Pediatric Care Practice"". Untuk info lebih lanjut akan segera dirilis, tetap pantau media sosial kami ya! ğŸ˜",4,83,https://scontent-xsp1-1.cdninstagram.com/v/t51.2885-15/sh0.08/e35/s640x640/106174103_107426547605026_6009001366120951757_n.jpg?_nc_ht=scontent-xsp1-1.cdninstagram.com&_nc_cat=110&_nc_ohc=JmtEnWvon6gAX9aCmP_&tp=1&oh=b525f07b9e1a3c60bc3b72d7aa68678a&oe=5FCFDD3D,True,2020 Jun 26 15:01:32
80,https://www.instagram.com/p/CB23zzHnMWr/,"[CALL FOR COLLABORATION]Perjuangan melawan COVID-19 masih belum selesai, jangan sampai lengah dan membuka gelombang kedua penyebaran. Oleh karena itu, kami terbuka untuk membantu berbagai puskesmas yang membutuhkan terkait pemantuan di masa pandemi ini. Ayo bersama putus rantai penyebaran COVID-19 dan kawal new normal agar berjalan dengan baik.#cofight #kawalnewnormal",0,52,https://scontent-xsp1-1.cdninstagram.com/v/t51.2885-15/sh0.08/e35/s640x640/106078001_182930063251995_7675682693311556986_n.jpg?_nc_ht=scontent-xsp1-1.cdninstagram.com&_nc_cat=103&_nc_ohc=SGMddXPH9ewAX8W_-LO&tp=1&oh=8aff405731cac9e94090739e96ba411d&oe=5FF6D5F5,False,2020 Jun 25 19:03:31
81,https://www.instagram.com/p/CB2o7N5nm8s/,[FAQ WEBINAR #2 : SERTIFIKAT]Bagi teman teman yang masih bingung terkait informasi sertifikat. Bisa membaca FAQ kita ini yaa. Mohon ditunggu untuk informasi berikutnya ğŸ™,16,109,https://scontent-xsp1-2.cdninstagram.com/v/t51.2885-15/sh0.08/e35/s640x640/105023670_560542927946023_3053101608231337603_n.jpg?_nc_ht=scontent-xsp1-2.cdninstagram.com&_nc_cat=107&_nc_ohc=b7l6NdP918MAX8tPgJ8&tp=1&oh=0298c08a99617036e11d5ea4feeea43b&oe=5FF7A71E,False,2020 Jun 25 16:53:28
82,https://www.instagram.com/p/CBw1INLHhHE/,"[NEW NORMAL IS COMING]Sebagai bentuk menyambut era New Normal, pada 12 Juni 2020 PT KAI kembali membuka layanan kereta api reguler bagi masyarakat. Kira kira hal apa saja yang perlu diperhatikan apabila ingin menggunakan layanan kereta api di era new normal ini? Simak postingan dari kami ğŸ˜#newnormal #kawalnewnormal #cofight",0,94,https://scontent-xsp1-2.cdninstagram.com/v/t51.2885-15/sh0.08/e35/s640x640/104714285_997834130674927_4376503176529593008_n.jpg?_nc_ht=scontent-xsp1-2.cdninstagram.com&_nc_cat=107&_nc_ohc=qUZV-J39JusAX-uEjiW&tp=1&oh=9088f3d62ebeb9a37384476b59505888&oe=5FF57F75,False,2020 Jun 23 10:44:39
83,https://www.instagram.com/p/CBsKlJtsYNa/,"[SHARING RELAWAN #3]Dari : Puskesmas Depok 3Melawan pandemi perlu kontribusi bersama, tidak hanya peran 1 atau 2 pihak saja. Kerja sama dan pengertian dari berbagai pihak, juga diperlukan. Dengan menjadikan itu landasan, mari bersama memasuki fase new normal dengan perbarui informasi dari sumber terpecaya, dan tak luput juga mematuhi protokol kesehatan dimanapun kita berada.#newnormal #cofight #cofighterbercerita",3,72,https://scontent-xsp1-2.cdninstagram.com/v/t51.2885-15/sh0.08/e35/s640x640/105418572_273277467245116_8140659965387596977_n.jpg?_nc_ht=scontent-xsp1-2.cdninstagram.com&_nc_cat=104&_nc_ohc=S3LhczulivcAX93rFb7&tp=1&oh=da334d6b627f5a905cbfd2d8ff5720ae&oe=5FF85FEF,False,2020 Jun 21 15:15:54
84,https://www.instagram.com/p/CBnVsiMMwDl/,"[INFO WEBINAR #2]Terimakasih kami ucapkan kepada 8639 pendaftar untuk webinar #2 kami ""Embracing New Normal in Maternal Health Care"".Sekali lagi kami infokan bagi yang sudah mendaftar dan tidak mendapat email berarti otomatia termasuk dalam kuota youtube live di chaneel InaHealth. Mohon maaf kami tidak bisa mengirimkan email ke semua karena keterbatasan kapasitas email. Terkait info lain bisa cek di postingan FAQ kami ğŸ˜„Sampai ketemu besok pukul 13.00 WIB",65,190,https://scontent-xsp1-1.cdninstagram.com/v/t51.2885-15/sh0.08/e35/s640x640/104448595_161223128779268_6975294603113917678_n.jpg?_nc_ht=scontent-xsp1-1.cdninstagram.com&_nc_cat=108&_nc_ohc=xct3zS918gkAX-XPli9&tp=1&oh=089b5e286349bc93fe1d8e825bb012b1&oe=5FF582DF,False,2020 Jun 19 18:16:50
85,https://www.instagram.com/p/CBmhvaIshPl/,[FAQ WEBINAR #2]Jumlah pendaftar yang tinggi menyebabkan kami harus melakukan beberap penyesuaian terkait sistem pendaftaran. Berikut adalah pertanyaan yang sering ditanyakan kepada kami terkait Webinar #2. Semoga bisa membantu teman teman sekalian!,26,128,https://scontent-xsp1-2.cdninstagram.com/v/t51.2885-15/sh0.08/e35/s640x640/103981227_608938916705137_6900321795511304891_n.jpg?_nc_ht=scontent-xsp1-2.cdninstagram.com&_nc_cat=101&_nc_ohc=ru_wK2VnkoMAX-V_sDx&tp=1&oh=abf1ea83a18d78c2ad5b253090cb5138&oe=5FF68D32,False,2020 Jun 19 10:42:50
86,https://www.instagram.com/p/CBk2qpcs5qb/,[REMINDER WEBINAR #2]Pendaftaran webinar #2 masih dibuka hingga besok pukul 12.00 WIB.Segera daftarkan diri kalian lewat bit.ly/cofightmaternalhealthKami tunggu partisipasi kalian!ğŸ˜,56,216,https://scontent-xsp1-1.cdninstagram.com/v/t51.2885-15/sh0.08/e35/s640x640/104367250_145369967092244_8547005557060344766_n.jpg?_nc_ht=scontent-xsp1-1.cdninstagram.com&_nc_cat=108&_nc_ohc=I8X4CQqgVhwAX8tyUNP&tp=1&oh=3d6db23030468cd61b6ea47da526c4c0&oe=5FF90101,False,2020 Jun 18 19:07:12
87,https://www.instagram.com/p/CBkkah5MyPQ/,"[WEBINAR COFIGHT #2]Webinar kali ini akan mengangkat topik ""Embracing New Normal in Maternal Health Care"". Di mana akan ada 3 materi yang akan disampaikan oleh :.1. Nur Sitiyaroh, S.SiT, M.Kes (Dosen Akademi Kebidanan Asyifa, Tangerang)2. Dr. dr. Eugenius Phyowai G., Sp.OG(K) (Dosen Pengajar Obstetri dan Ginekologi FKKMK UGM)3. dr. M. Zaitun Fathurachman, M.Sc(Kassubid Kesehatan Reproduksi Perwakilan BKKBN Yogyakarta).Pendaftaran dapat dilakukan melalui link bit.ly/cofightmaternalhealth hingga Jumat, 19 Juni 2020 pukul 12.00 WIBAyo berdikusi bersama! Kami tunggu partisipasi kalian ğŸ˜",27,127,https://scontent-xsp1-2.cdninstagram.com/v/t51.2885-15/sh0.08/e35/s640x640/104335552_278395920187792_8374471815908307389_n.jpg?_nc_ht=scontent-xsp1-2.cdninstagram.com&_nc_cat=104&_nc_ohc=xO9oF4K-h0UAX_ife9o&tp=1&oh=efcbc56cf30dc7f0a35275a3765fbb73&oe=5FF763D1,False,2020 Jun 18 16:27:43
88,https://www.instagram.com/p/CBiiZmNslWZ/,"[KABAR GEMBIRA WEBINAR #2]SKP IDI dan IBI juga sudah dikonfirmasi, akan diberikan 3 SKP IDI dan 2 SKP IBI bagi peserta yang megikuti webinar ini.Dikarenakan animo pendaftar yang besar. Untuk pendaftar yang mendaftar mulai dari Selasa, 16 Juni 2020 dan seterusnya otomatis akan mendapat tempat melalui YouTube Live. Pengumuman akan link akan kami sampaikan di akun ini dan melalui email.Terima kasih.",25,208,https://scontent-xsp1-2.cdninstagram.com/v/t51.2885-15/sh0.08/e35/s640x640/104782117_2610038089254146_7219507629714495018_n.jpg?_nc_ht=scontent-xsp1-2.cdninstagram.com&_nc_cat=102&_nc_ohc=JlPnSW0xjH0AX8xgpXL&tp=1&oh=787be6dd557beb4694323fb211846534&oe=5FF81DEB,False,2020 Jun 17 21:31:38
89,https://www.instagram.com/p/CBiM4J7MS01/,[THANK YOU]Kami mengucapkan terimakasih sebesar besarnya kepada pada para donatur dari peserta webinar #1. Total donasi yang diperoleh seluruhnya akan kami distribusikan kepada relawan kami untuk membantu pemantauan PP/OTG/ODP/PDP di berbagai puskesmas yang telah menjalin kerjasama,0,77,https://scontent-xsp1-2.cdninstagram.com/v/t51.2885-15/sh0.08/e35/s640x640/103596408_268507414387113_5339102920167600856_n.jpg?_nc_ht=scontent-xsp1-2.cdninstagram.com&_nc_cat=109&_nc_ohc=6HSWbW2ERr0AX9yaOps&tp=1&oh=ae7e7ed7192553f53e4fd3f45caf9f32&oe=5FF775D8,False,2020 Jun 17 18:23:34
90,https://www.instagram.com/p/CBdP41EsI35/,"[WEBINAR COFIGHT #2]Sebagai kelanjutan dari webinar #1 kami yang mengusung tema besar New Normal, COFIGHT bekerja sama dengan Duri Lunak (alumni FK UGM angkatan 2000) @alumnifkugm2000 dan InaHealth dengan bangga mempersembahkan webinar #2 dengan tema ""NEW NORMAL IN MATERNAL HEALTH CARE"" yang akan di laksanakan pada :Hari/Tanggal : Sabtu/20 Juni 2020Jam : 13.00 - 15.00 WIBPendaftaran dapat dilakukan melalui link bit.ly/cofightmaternalhealth hingga Jumat, 19 Juni 2020 pukul 12.00 WIBWebinar kali ini terbuka untuk dokter umum, bidan, mahasiswa kedokteran dan kebidanan, serta tenaga kesehatan lainnyaSama seperti webinar sebelumnya. Webinar ini juga membuka kesempatan bagi peserta yang ingin berdonasi kepada kami untuk membantu penanganan COVID-19. Kami tunggu partisipasi kalian! **Kuota zoom terbatas bagi 100 pendaftar pertama",15,79,https://scontent-xsp1-1.cdninstagram.com/v/t51.2885-15/e35/104109953_135536284808792_9075892315042882020_n.jpg?_nc_ht=scontent-xsp1-1.cdninstagram.com&_nc_cat=108&_nc_ohc=RMYPvdnXJVcAX8HR_BT&tp=1&oh=7a4c76b9fdc757e270c54a97b97c59b1&oe=5FF5F545,False,2020 Jun 15 20:13:40
91,https://www.instagram.com/p/CBajj5zMnHu/,"[WEBINAR COFIGHT #2]Sebagai kelanjutan dari webinar cofight #1 yang diadakan pada 04 Juni 2020, maka kami telah mempersiapkan webinar cofight #2 dengan tema ""Embracing New Normal in Maternal Health Care"". Untuk info lebih lanjut akan segera dirilis, tetap pantau media sosial kami ğŸ˜",2,58,https://scontent-xsp1-2.cdninstagram.com/v/t51.2885-15/e35/104074451_166802764813500_2043219694327736682_n.jpg?_nc_ht=scontent-xsp1-2.cdninstagram.com&_nc_cat=100&_nc_ohc=dsBDvTO29ucAX9aVtF_&tp=1&oh=83de347c40ef3ea213c40279fdd7a601&oe=5FF8A628,False,2020 Jun 14 19:07:51
92,https://www.instagram.com/p/CBAEYvYsjbe/,[LAPORAN BULANAN]Sudah hampir 2 bulan COFIGHT berjalan membantu pemantauan PP/OTG/ODP/PDP di berbagai puskesmas. Hingga saat ini kami sudah bekerja sama dengan 10 puskesmas dan menggerakkan 84 orang relawan untuk membantu memantau total  847 PP/OTG/ODP/PDP.,0,23,https://scontent-xsp1-1.cdninstagram.com/v/t51.2885-15/sh0.08/e35/s640x640/101513745_254802635799113_6147337822083457802_n.jpg?_nc_ht=scontent-xsp1-1.cdninstagram.com&_nc_cat=105&_nc_ohc=UL4If58T3DUAX9xocuE&tp=1&oh=2e3f4dac46dda9cc4c1da6e60a79c922&oe=5FF6D15C,False,2020 Jun 04 12:15:12
93,https://www.instagram.com/p/CA1390HMY8N/,"[NEW NORMAL IS COMING]Pemerintah sudah menyiapkan skema new normal yang akan mulai dilaksanakan pada Juni 2020. Bagaimanakah pandangan dari aspek Kesehatan Masyarakat? Dan hal apa saja yang perlu kita persiapkan sebagai Dokter Umum?Yuk berdiskusi dan berbagi bersama kami dalam Webinar Series #1 dari COFIGHT - InaHealth dengan tema ""Embracing the New Normal"" Pendaftaran dapat dilakukan melalui link : bit.ly/cofightnewnormalWebinar ini tidak dipungut biaya apapun! Selain kesempatan mendapatkan ilmu, kami juga memberikan kesempatan bagi peserta yang juga ingin berdonasi untuk membantu penanganan COVID19 melalui kegiatan berbasis kerelawanan yang kami lakukan.Ayoo!! Segera daftarkan diri kalian, karena kuota terbatas!",0,45,https://scontent-xsp1-2.cdninstagram.com/v/t51.2885-15/sh0.08/e35/s640x640/101552386_285570879504823_5179042996836747446_n.jpg?_nc_ht=scontent-xsp1-2.cdninstagram.com&_nc_cat=107&_nc_ohc=imQS0L9FDnYAX_lQcYj&tp=1&oh=3d77a2974334f7deab4935a6ab7f41a7&oe=5FF722ED,False,2020 May 31 13:14:15
94,https://www.instagram.com/p/CA0HIHuMPdU/,"Selama pandemi COVID19 banyak sekali masyarakat yang terdampak bukan hanya secara fisik dan ekonomi, tetapi juga mental. Mereka yang didiagnosis sebagai ODP, PDP, dan Positif COVID19 seringkali mendapat stigma dan dijauhi masyarakat. Padahal seharusnya kelompok tersebut mendapat support dari masyarakat agar mempercepat pemulihannya. Berikut saran dari kami untuk membantu mengurangi stigma terhadap kelompok tersebut. #cofight #covid19 #staysafe #stayhome #stigma",0,45,https://scontent-xsp1-2.cdninstagram.com/v/t51.2885-15/e35/101407858_151300599787147_6195422477601621478_n.jpg?_nc_ht=scontent-xsp1-2.cdninstagram.com&_nc_cat=107&_nc_ohc=59uecATaV8gAX-1wxL2&tp=1&oh=c4e10ccce8398fb2fbf93ecfd64cc11c&oe=5FF651D1,False,2020 May 30 20:48:15
95,https://www.instagram.com/p/CAsJVkRlTZ7/,"Pemerintah sudah menyebarluaskan mengenai persiapan memasuki ""New Normal"". Salah satu isinya adalah agar tetap menerapkan protokol kesehatan, seperti menggunakan masker, mencuci tangan, dan menjaga jarak. Berikut adalah tips dari kami mengenai masker kain, mulai dari cara memakai, melepas, dan merawar masker kain. #cofight #covid19 #stayhome #staysafe #newnormal",0,30,https://scontent-xsp1-1.cdninstagram.com/v/t51.2885-15/e35/100996685_582373352675684_4060461964903692749_n.jpg?_nc_ht=scontent-xsp1-1.cdninstagram.com&_nc_cat=108&_nc_ohc=ftAAj-IXlN4AX9yu-fG&tp=1&oh=8bb3f837289873a905762d088556a986&oe=5FF67639,False,2020 May 27 18:33:38
96,https://www.instagram.com/p/B_9WkLol1j_/,"Ackowledging the process, yet embracing the upcoming journeySaat ini, COFIGHT telah bekerjasama dengan 7 puskesmas yang tersebar di 3 kabupaten dalam memantau orang yang beresiko terinfeksi COVID-19. Bergandeng tangan 68 relawan dari berbagai latar belakang profesi, universitas, dan pendidikan, kami percaya, bahwa hanya dengan #salingmenjaga kita bisa memenangkan pandemi ini.Mari bergabung bersama kami, karena kalau bukan kita, siapa lagi?",1,28,https://scontent-xsp1-2.cdninstagram.com/v/t51.2885-15/sh0.08/e35/s640x640/96411999_143923930527745_5581640063651785784_n.jpg?_nc_ht=scontent-xsp1-2.cdninstagram.com&_nc_cat=101&_nc_ohc=03p9TTogkOAAX8_8Jrl&tp=1&oh=6d752e69bfbd8b8bba48a33ddc047b57&oe=5FF86358,False,2020 May 09 14:24:56
97,https://www.instagram.com/p/B_4twK1Fee7/,"Haven't got the chance to join the previous recruitment? Chill~We are expanding more than ever. Inviting you to be part of our family, to fight against the pandemic.They need us. yes, us. Otherwise, who else? Let's collaborate!We proudly announce the open recruitment of COFIGHT #batch3!Sign yourself up in no time! The link is on our bio ğŸ˜€",0,36,https://scontent-xsp1-1.cdninstagram.com/v/t51.2885-15/sh0.08/e35/s640x640/96045375_541658056745291_2474273784539609000_n.jpg?_nc_ht=scontent-xsp1-1.cdninstagram.com&_nc_cat=111&_nc_ohc=kc6LsRqH7FIAX8Xhvkt&tp=1&oh=9d58c2395a1dd6ff01cb00a10ce80fad&oe=5FF69E5F,False,2020 May 07 19:11:20
98,https://www.instagram.com/p/B_uI0v3l1kL/,"Saat ini kami juga sudah menjalin kerjasama dengan Dinas Kesehatan Kabupaten Sleman terkait pengawasan bagi para PP, ODP, dan PDP di 5 puskesmas, yaitu Puskesmas Depok 1,2, dan 3 serta Puskesmas Tempel 1 dan 2. Semoga dapat membantu memutus rantai penularan covid-19 #cofight #covid19 #salingmenjaga #karantinamandiri #stayhome #staysafe",0,26,https://scontent-xsp1-2.cdninstagram.com/v/t51.2885-15/sh0.08/e35/s640x640/95350142_1616270975177505_8946713088383359046_n.jpg?_nc_ht=scontent-xsp1-2.cdninstagram.com&_nc_cat=109&_nc_ohc=R707qGmqUCYAX9_cbP8&tp=1&oh=f6351b5133700ae9283b871ef2422a7f&oe=5FF6A6B6,False,2020 May 03 16:36:15
99,https://www.instagram.com/p/B_aWPmHlijc/,Terimakasih untuk antusiasme teman teman yang sudah mendaftar menjadi cofighter pada periode ini. Semoga bisa berperan bersama dalam memutus rantai penularan covid-19 ğŸ™ #cofight #covid19 #stayhome #volunteer,0,13,https://scontent-xsp1-1.cdninstagram.com/v/t51.2885-15/sh0.08/e35/s640x640/94171295_2586712024932214_7192112645430187683_n.jpg?_nc_ht=scontent-xsp1-1.cdninstagram.com&_nc_cat=110&_nc_ohc=otm_AmJGtq4AX_0VVgZ&tp=1&oh=7460151801c831f07d85c00694d2d669&oe=5FF5643D,False,2020 Apr 26 00:08:42
100,https://www.instagram.com/p/B_HydBKFtA3/,Ayo bersama bergerak memerangi wabah ini. Pendaftaran kami perpanjang hingga 25 April 2020 #cofight #covid19 #workfromhome,0,18,https://scontent-xsp1-2.cdninstagram.com/v/t51.2885-15/sh0.08/e35/s640x640/94213904_1416001335271545_2084142946571176312_n.jpg?_nc_ht=scontent-xsp1-2.cdninstagram.com&_nc_cat=109&_nc_ohc=t6IYvyJJrC0AX-pii53&tp=1&oh=d5951f5842c5fdfa4a5c35a9d0f008db&oe=5FF8FC69,False,2020 Apr 18 19:09:38
101,https://www.instagram.com/p/B_ADx__l7XY/,Yuk berkolaborasi melawan COVID-19 :),0,13,https://scontent-xsp1-1.cdninstagram.com/v/t51.2885-15/sh0.08/e35/s640x640/93143387_1073137903062051_1987425526163804548_n.jpg?_nc_ht=scontent-xsp1-1.cdninstagram.com&_nc_cat=103&_nc_ohc=mj38AmsGIwIAX83_VaD&tp=1&oh=e238f2b1709d64c339a38ac5b4a42859&oe=5FF7BF4C,False,2020 Apr 15 19:07:07
102,https://www.instagram.com/p/B-ydtK7HYyi/,**no caption provided**,0,13,https://scontent-xsp1-1.cdninstagram.com/v/t51.2885-15/sh0.08/e35/s640x640/93143387_1073137903062051_1987425526163804548_n.jpg?_nc_ht=scontent-xsp1-1.cdninstagram.com&_nc_cat=103&_nc_ohc=mj38AmsGIwIAX83_VaD&tp=1&oh=e238f2b1709d64c339a38ac5b4a42859&oe=5FF7BF4C,False,2020 Apr 15 19:07:07
103,https://www.instagram.com/p/B-tdfWfHOKs/,"[A CALL TO CONTRIBUTE].""Ingat bila setiap orang melakukan apa yang seharusnya dia lakukan, kita akan melalui semua ini dan kembali ke kehidupan normal""..Kami yakin pandemi covid-19 akan berhasil dilalui dengan partisipasi seluruh masyarakat. Dan kami yakin setiap dari kita memiliki keinginan berbuat sesuatu dan menjadi bagian dari solusi...Cofight bekerjasama dengan puskesmas di wilayah DIY mengawal para pelaku perjalanan sebelum terlambat dan berganti status menjadi ODP, PDP, atau bahkan kasus positif...Now, we're waiting for your contribution! Because little deed counts more than you think.. Kalau bukan kita siapa lagi? Yuk #salingmenjaga",0,16,https://scontent-xsp1-2.cdninstagram.com/v/t51.2885-15/sh0.08/e35/s640x640/92380280_1087514784962358_5275440497557060545_n.jpg?_nc_ht=scontent-xsp1-2.cdninstagram.com&_nc_cat=106&_nc_ohc=quYhqSP3AIoAX-khanT&tp=1&oh=dcb5ef2e36bff479fde80137ba4c9544&oe=5FF6F058,False,2020 Apr 08 13:46:11
104,https://www.instagram.com/p/B-qEMR_n8bB/,**no caption provided**,0,16,https://scontent-xsp1-2.cdninstagram.com/v/t51.2885-15/sh0.08/e35/s640x640/92380280_1087514784962358_5275440497557060545_n.jpg?_nc_ht=scontent-xsp1-2.cdninstagram.com&_nc_cat=106&_nc_ohc=quYhqSP3AIoAX-khanT&tp=1&oh=dcb5ef2e36bff479fde80137ba4c9544&oe=5FF6F058,False,2020 Apr 08 13:46:11
105,https://www.instagram.com/p/B-qEI2nHmSJ/,"Penolakan pemakaman warga yang meninggal karena COVID-19Pandangan negatif bagi keluarga pasien yang terdiagnosa COVID-19 maupun tenaga medisMerupakan sederet cerita menyedihkan di tengah lautan kesedihan pandemi ini.STIGMA.Stigma muncul seringkali bukan karena keinginan jahat untuk menyudutkan orang lain, namun karena kurangnya pemahaman yang cukup terhadap suatu isu.Oleh sebab itu, dalam gerakan ini, kami memberikan edukasi kepada warga mengenai pentingnya pendataan dan karantina mandiri selama 14 hari bagi pelaku perjalanan dan contact tracing. Setiap orang berperan penting untuk #salingmenjaga agar tidak terjadi transmisi penyakit di wilayah tempat tinggal",0,13,https://scontent-xsp1-2.cdninstagram.com/v/t51.2885-15/sh0.08/e35/s640x640/91812822_223351075418673_8171314059667215490_n.jpg?_nc_ht=scontent-xsp1-2.cdninstagram.com&_nc_cat=109&_nc_ohc=QwQ8U8dLS5sAX9M1hQG&tp=1&oh=0b172973f08f7e03b3350b64ce6afdcf&oe=5FF8B2C1,False,2020 Apr 07 06:06:57
106,https://www.instagram.com/p/B-ng1gonuAU/,"Pemerintah melalui berbagai himbauan kepada aparat daerah dan fasyankes setempat, memandatkan untuk dilakukan pemantauan terhadap mereka yang termasuk ODP, OTG, atau PDP. Jika seseorang sudah tergolong dalam kategori tersebut, tidakkah terlalu terlambat jika baru dipantau?Bukankah lebih baik jika upaya prevensi sedini mungkin kita mulai dengan mengawal para pelaku perjalanan, dimana mereka inilah yang beresiko untuk nantinya menjadi ODP, PDP, bahkan kasus positif?#salingmenjaga #karantina14hari",0,16,https://scontent-xsp1-1.cdninstagram.com/v/t51.2885-15/sh0.08/e35/s640x640/91964719_257334745293099_4068600400994785030_n.jpg?_nc_ht=scontent-xsp1-1.cdninstagram.com&_nc_cat=103&_nc_ohc=Z_1k2CaIjo8AX8jeEy5&tp=1&oh=dd08e507f9aebcd9b0f76d079c36517e&oe=5FF8EFEB,False,2020 Apr 06 06:19:59
107,https://www.instagram.com/p/B-nguT5nufL/,"Menurut Pedoman Pencegahan dan Pengendalian Coronavirus Disease (COVID-19), pelaku perjalanan adalah mereka yang memiliki riwayat bepergian dari wilayah terjangkit COVID-19, baik wilayah yang terlaporkan adanya transmisi lokal maupun tidak. Bagi mereka yang sebelumnya bepergian dari wilayah bukan transmisi lokal dan tidak bergejala, wajib melakukan monitoring mandiri selama 14 hari sejak kepulangan. Sedangkan mereka yang sebelumnya bepergian dari wilayah transmisi lokal, wajib melakukan karantina mandiri di rumah selama 14 hari sejak kedatangan. #salingmenjaga #karantina14hari",0,12,https://scontent-xsp1-2.cdninstagram.com/v/t51.2885-15/sh0.08/e35/s640x640/91897825_299680754350135_1208072008601116206_n.jpg?_nc_ht=scontent-xsp1-2.cdninstagram.com&_nc_cat=107&_nc_ohc=47Q5V2Sdg_IAX-g1k60&tp=1&oh=04dee1e660fc31bbd6d84b020dd5ae9f&oe=5FF83A27,False,2020 Apr 06 06:19:00
108,https://www.instagram.com/p/B-lKY1bnZvc/,"We are facing pandemics, bigger than ever. 2092 confirmed cases with 191 deaths and 150 recovered patients are reported so far in Indonesia (April 4th, 2020). People come, people go, they travel from one place to another in any minute, beyond our ability to control, despite those appeal from the government to #stayathome. Driven by this condition, we deeply acknowledge the crucial role to collaborate, to fight together, as the only way to defeat this virus.",1,15,https://scontent-xsp1-2.cdninstagram.com/v/t51.2885-15/sh0.08/e35/s640x640/91704754_866328777219073_3017508868712234611_n.jpg?_nc_ht=scontent-xsp1-2.cdninstagram.com&_nc_cat=101&_nc_ohc=-Zl1Na7oMB0AX9eLF6i&tp=1&oh=c80702d1221335c9bd9e8dd2e72e91f2&oe=5FF53E81,False,2020 Apr 05 08:25:21
